customerId,firstName,lastName,email,phoneNumber,address,city,state,zipCode,country
1,Michael,Smith,michael.smith1@example.com,6449063899,714 Main Street,Phoenix,TX,65399,Canada
2,John,Martinez,john.martinez2@example.com,4743789893,65 Main Street,Los Angeles,TX,63460,Australia
3,Olivia,Smith,olivia.smith3@example.com,6093047639,856 Main Street,Chicago,TX,58208,Germany
4,Olivia,Smith,olivia.smith4@example.com,1976131237,352 Main Street,Los Angeles,AZ,88745,UK
5,Jane,Martinez,jane.martinez5@example.com,3846386466,978 Main Street,Houston,IL,94233,Australia
6,Michael,Williams,michael.williams6@example.com,3490300350,21 Main Street,Chicago,CA,54151,Australia
7,Jane,Brown,jane.brown7@example.com,1938252658,829 Main Street,Phoenix,CA,50260,UK
8,Emily,Garcia,emily.garcia8@example.com,3929412976,490 Main Street,Los Angeles,IL,27544,UK
9,David,Brown,david.brown9@example.com,5032077934,129 Main Street,Los Angeles,NY,17598,Canada
10,Sophia,Jones,sophia.jones10@example.com,7274598824,659 Main Street,Chicago,TX,78004,UK
11,Michael,Garcia,michael.garcia11@example.com,9956019254,69 Main Street,Chicago,NY,97722,Germany
12,Olivia,Brown,olivia.brown12@example.com,7796513909,283 Main Street,Houston,CA,90597,Australia
13,Sophia,Garcia,sophia.garcia13@example.com,5538871920,720 Main Street,New York,NY,31671,Germany
14,Emma,Martinez,emma.martinez14@example.com,3886914792,749 Main Street,New York,CA,39648,Germany
15,Jane,Smith,jane.smith15@example.com,9014546529,750 Main Street,Los Angeles,TX,70810,Germany
16,John,Jones,john.jones16@example.com,3705538907,605 Main Street,Phoenix,AZ,74507,Germany
17,John,Martinez,john.martinez17@example.com,6556018106,272 Main Street,Los Angeles,CA,81887,Australia
18,Daniel,Rodriguez,daniel.rodriguez18@example.com,3776087461,840 Main Street,Los Angeles,CA,56173,UK
19,David,Rodriguez,david.rodriguez19@example.com,7078815241,501 Main Street,Los Angeles,CA,98603,Australia
20,Jane,Johnson,jane.johnson20@example.com,9469366672,919 Main Street,Los Angeles,IL,65975,UK
21,Jane,Davis,jane.davis21@example.com,8791655194,117 Main Street,New York,IL,55970,Australia
22,Emily,Johnson,emily.johnson22@example.com,4358498730,340 Main Street,Phoenix,CA,73262,Australia
23,Olivia,Miller,olivia.miller23@example.com,7901807848,264 Main Street,Chicago,NY,76024,Australia
24,Jane,Miller,jane.miller24@example.com,8775901161,565 Main Street,Houston,CA,50117,UK
25,Emma,Davis,emma.davis25@example.com,7413709254,895 Main Street,Houston,AZ,83853,Germany
26,David,Williams,david.williams26@example.com,5367831514,851 Main Street,New York,IL,35308,USA
27,Jane,Smith,jane.smith27@example.com,2252804419,425 Main Street,Los Angeles,IL,17898,Canada
28,John,Johnson,john.johnson28@example.com,2710178876,742 Main Street,Chicago,TX,61017,USA
29,Olivia,Miller,olivia.miller29@example.com,7746696923,250 Main Street,Los Angeles,NY,85056,Canada
30,David,Jones,david.jones30@example.com,8748477752,525 Main Street,Los Angeles,NY,43824,USA
31,Emily,Garcia,emily.garcia31@example.com,6324657326,229 Main Street,New York,CA,18640,Canada
32,Emily,Williams,emily.williams32@example.com,6578396378,337 Main Street,Houston,TX,54851,Germany
33,Olivia,Martinez,olivia.martinez33@example.com,5362511136,520 Main Street,Chicago,TX,49802,Australia
34,Jane,Smith,jane.smith34@example.com,8927888762,167 Main Street,Houston,AZ,56308,Germany
35,David,Rodriguez,david.rodriguez35@example.com,8150759191,949 Main Street,Phoenix,TX,94456,USA
36,Sophia,Brown,sophia.brown36@example.com,8119280154,59 Main Street,New York,CA,98838,USA
37,Emily,Johnson,emily.johnson37@example.com,5769389465,489 Main Street,Houston,AZ,91307,Germany
38,Robert,Johnson,robert.johnson38@example.com,3287973394,251 Main Street,Houston,IL,52415,Canada
39,Robert,Smith,robert.smith39@example.com,4455491230,264 Main Street,New York,IL,32706,Germany
40,Emma,Davis,emma.davis40@example.com,8835496011,404 Main Street,Chicago,TX,29810,Germany
41,Olivia,Martinez,olivia.martinez41@example.com,5284766891,873 Main Street,Los Angeles,AZ,90698,UK
42,David,Smith,david.smith42@example.com,8594934538,749 Main Street,Los Angeles,CA,90013,UK
43,Emily,Smith,emily.smith43@example.com,1259893485,318 Main Street,Phoenix,IL,84200,Canada
44,Michael,Rodriguez,michael.rodriguez44@example.com,4513617503,133 Main Street,Houston,AZ,19635,USA
45,David,Jones,david.jones45@example.com,4118248358,520 Main Street,Phoenix,AZ,77272,Australia
46,Michael,Miller,michael.miller46@example.com,5581710392,882 Main Street,Phoenix,IL,90366,Germany
47,Emma,Davis,emma.davis47@example.com,9826098471,997 Main Street,Houston,TX,54483,Australia
48,Olivia,Williams,olivia.williams48@example.com,9234725474,124 Main Street,New York,AZ,85381,Australia
49,Daniel,Davis,daniel.davis49@example.com,2853721472,67 Main Street,New York,NY,80364,UK
50,Olivia,Rodriguez,olivia.rodriguez50@example.com,3395214371,753 Main Street,New York,TX,88781,Canada
51,Sophia,Johnson,sophia.johnson51@example.com,2735192163,851 Main Street,New York,NY,42661,UK
52,Michael,Williams,michael.williams52@example.com,7553251296,904 Main Street,Houston,CA,76241,USA
53,Olivia,Brown,olivia.brown53@example.com,5962047783,346 Main Street,Phoenix,AZ,45341,Australia
54,John,Rodriguez,john.rodriguez54@example.com,7855895024,790 Main Street,Chicago,TX,16799,Canada
55,Robert,Jones,robert.jones55@example.com,8768977578,147 Main Street,Los Angeles,CA,94593,UK
56,Emily,Garcia,emily.garcia56@example.com,4364249338,207 Main Street,Chicago,TX,54742,UK
57,Michael,Martinez,michael.martinez57@example.com,6340815654,373 Main Street,Houston,IL,32247,UK
58,Emma,Martinez,emma.martinez58@example.com,1371314837,725 Main Street,New York,CA,37440,Germany
59,Robert,Johnson,robert.johnson59@example.com,9813439970,696 Main Street,Chicago,NY,35203,Canada
60,John,Brown,john.brown60@example.com,5809411118,593 Main Street,Phoenix,NY,57981,Canada
61,Michael,Miller,michael.miller61@example.com,9922940137,33 Main Street,Phoenix,AZ,89937,Canada
62,Robert,Smith,robert.smith62@example.com,7803426224,679 Main Street,New York,IL,93929,UK
63,Jane,Smith,jane.smith63@example.com,7966428412,448 Main Street,Phoenix,TX,26078,Germany
64,David,Davis,david.davis64@example.com,8164029682,849 Main Street,Houston,NY,38194,USA
65,Jane,Johnson,jane.johnson65@example.com,4893972293,58 Main Street,Chicago,TX,22093,Australia
66,John,Davis,john.davis66@example.com,6031249865,673 Main Street,Houston,CA,13034,Germany
67,Emma,Garcia,emma.garcia67@example.com,3461524213,794 Main Street,Houston,IL,81913,Australia
68,Jane,Jones,jane.jones68@example.com,9561476377,426 Main Street,New York,CA,87785,USA
69,Daniel,Martinez,daniel.martinez69@example.com,1285972049,753 Main Street,New York,AZ,57702,Germany
70,Emma,Johnson,emma.johnson70@example.com,8552610312,270 Main Street,Los Angeles,NY,98341,USA
71,Daniel,Williams,daniel.williams71@example.com,2166339053,958 Main Street,Houston,IL,13936,Australia
72,Jane,Johnson,jane.johnson72@example.com,7215000486,358 Main Street,Chicago,AZ,22322,Germany
73,John,Williams,john.williams73@example.com,1898608707,140 Main Street,Los Angeles,CA,82641,Australia
74,Robert,Smith,robert.smith74@example.com,5080768046,841 Main Street,Chicago,TX,36793,Canada
75,David,Rodriguez,david.rodriguez75@example.com,9972950328,49 Main Street,New York,IL,20211,UK
76,Emma,Brown,emma.brown76@example.com,8262539594,21 Main Street,Los Angeles,NY,86486,USA
77,Michael,Smith,michael.smith77@example.com,4409326130,748 Main Street,New York,AZ,73720,Germany
78,Michael,Smith,michael.smith78@example.com,6848115926,401 Main Street,Los Angeles,AZ,67104,Canada
79,Emma,Davis,emma.davis79@example.com,6902467800,575 Main Street,Phoenix,NY,19672,Canada
80,Robert,Miller,robert.miller80@example.com,9408910063,873 Main Street,New York,AZ,39096,UK
81,David,Miller,david.miller81@example.com,4653770338,585 Main Street,Phoenix,CA,22083,Canada
82,Olivia,Rodriguez,olivia.rodriguez82@example.com,1638829612,875 Main Street,New York,IL,86949,USA
83,John,Garcia,john.garcia83@example.com,2265843319,670 Main Street,New York,IL,98406,UK
84,Olivia,Davis,olivia.davis84@example.com,1436535767,882 Main Street,Phoenix,CA,36578,Germany
85,Daniel,Brown,daniel.brown85@example.com,6694670156,112 Main Street,Houston,NY,98171,USA
86,Daniel,Rodriguez,daniel.rodriguez86@example.com,8343133756,107 Main Street,Phoenix,IL,87876,UK
87,Jane,Johnson,jane.johnson87@example.com,6148833701,439 Main Street,Houston,NY,90975,Australia
88,Olivia,Rodriguez,olivia.rodriguez88@example.com,9285872327,57 Main Street,New York,AZ,67031,USA
89,Jane,Davis,jane.davis89@example.com,4442074112,228 Main Street,Chicago,CA,38935,USA
90,Emily,Williams,emily.williams90@example.com,8180048709,898 Main Street,New York,TX,70989,Germany
91,Emily,Jones,emily.jones91@example.com,6145496269,332 Main Street,Los Angeles,IL,62773,USA
92,Daniel,Jones,daniel.jones92@example.com,9381292937,764 Main Street,Los Angeles,NY,42690,UK
93,Daniel,Davis,daniel.davis93@example.com,3265184058,106 Main Street,Phoenix,CA,75186,UK
94,Daniel,Johnson,daniel.johnson94@example.com,9683641216,524 Main Street,Los Angeles,NY,73416,Germany
95,Sophia,Miller,sophia.miller95@example.com,4562423298,163 Main Street,New York,IL,75665,UK
96,Jane,Brown,jane.brown96@example.com,1220477883,867 Main Street,Houston,TX,34827,UK
97,Emily,Jones,emily.jones97@example.com,5199232405,763 Main Street,Phoenix,CA,58025,Germany
98,David,Williams,david.williams98@example.com,5802433258,86 Main Street,New York,NY,37697,Germany
99,Olivia,Brown,olivia.brown99@example.com,7467663696,958 Main Street,New York,CA,49548,USA
100,David,Jones,david.jones100@example.com,3518117025,261 Main Street,New York,NY,94418,Germany
101,Daniel,Miller,daniel.miller101@example.com,7679698344,93 Main Street,Phoenix,NY,25778,Australia
102,Daniel,Davis,daniel.davis102@example.com,1987458498,19 Main Street,Chicago,IL,31427,UK
103,Emma,Martinez,emma.martinez103@example.com,8649281534,130 Main Street,Los Angeles,CA,50573,USA
104,David,Williams,david.williams104@example.com,4211219773,508 Main Street,New York,TX,64547,Canada
105,Robert,Rodriguez,robert.rodriguez105@example.com,9916337787,81 Main Street,Chicago,IL,42427,Canada
106,John,Johnson,john.johnson106@example.com,3381537379,481 Main Street,Phoenix,AZ,71333,Canada
107,Jane,Martinez,jane.martinez107@example.com,7680094560,983 Main Street,Chicago,IL,87911,Canada
108,Olivia,Johnson,olivia.johnson108@example.com,2465096447,309 Main Street,Los Angeles,CA,24001,UK
109,Jane,Miller,jane.miller109@example.com,6453259358,136 Main Street,Houston,TX,86110,Canada
110,Jane,Williams,jane.williams110@example.com,4605181005,338 Main Street,Los Angeles,CA,65693,Australia
111,David,Smith,david.smith111@example.com,2597865027,533 Main Street,Los Angeles,TX,51428,Canada
112,Emma,Jones,emma.jones112@example.com,2536698115,789 Main Street,Phoenix,TX,40652,Australia
113,Robert,Williams,robert.williams113@example.com,3299881972,367 Main Street,Houston,NY,70431,USA
114,Sophia,Johnson,sophia.johnson114@example.com,5780163970,400 Main Street,Chicago,AZ,90832,Australia
115,Jane,Smith,jane.smith115@example.com,9674981734,38 Main Street,Chicago,TX,47501,Australia
116,Michael,Jones,michael.jones116@example.com,5534248935,618 Main Street,New York,IL,62051,USA
117,Jane,Garcia,jane.garcia117@example.com,1859515239,445 Main Street,Houston,TX,20227,UK
118,David,Rodriguez,david.rodriguez118@example.com,3493371429,722 Main Street,Chicago,CA,44577,Australia
119,Emily,Smith,emily.smith119@example.com,9523096440,993 Main Street,Los Angeles,CA,13376,USA
120,Robert,Davis,robert.davis120@example.com,6448325159,492 Main Street,Phoenix,AZ,93068,Australia
121,Olivia,Smith,olivia.smith121@example.com,1648488802,161 Main Street,New York,TX,76186,UK
122,David,Davis,david.davis122@example.com,9719898231,799 Main Street,New York,CA,89012,Germany
123,Emma,Martinez,emma.martinez123@example.com,9855936069,125 Main Street,Los Angeles,IL,49183,Germany
124,Emma,Miller,emma.miller124@example.com,7755441031,927 Main Street,Chicago,AZ,84077,Australia
125,David,Garcia,david.garcia125@example.com,2419836114,102 Main Street,Los Angeles,TX,24827,Australia
126,Robert,Jones,robert.jones126@example.com,4078950624,315 Main Street,New York,NY,55304,Canada
127,Emily,Johnson,emily.johnson127@example.com,7084370377,464 Main Street,Los Angeles,NY,95121,Australia
128,Jane,Garcia,jane.garcia128@example.com,6331531891,156 Main Street,Chicago,IL,68465,Canada
129,Jane,Jones,jane.jones129@example.com,1256747590,911 Main Street,Los Angeles,NY,51758,Germany
130,Jane,Jones,jane.jones130@example.com,8514350612,288 Main Street,New York,IL,99487,Germany
131,John,Miller,john.miller131@example.com,8862657705,968 Main Street,New York,IL,66667,Canada
132,David,Martinez,david.martinez132@example.com,5107592930,622 Main Street,Houston,NY,92855,USA
133,Michael,Brown,michael.brown133@example.com,5185267153,635 Main Street,Los Angeles,CA,58946,USA
134,Emily,Johnson,emily.johnson134@example.com,9691034808,541 Main Street,Phoenix,CA,76836,Canada
135,Emma,Rodriguez,emma.rodriguez135@example.com,4844092341,57 Main Street,New York,CA,23343,USA
136,Emma,Johnson,emma.johnson136@example.com,4419600109,450 Main Street,Chicago,IL,14328,Australia
137,David,Garcia,david.garcia137@example.com,8055386748,891 Main Street,New York,IL,50456,Canada
138,Robert,Johnson,robert.johnson138@example.com,1136833671,377 Main Street,Chicago,IL,52296,Canada
139,Emily,Smith,emily.smith139@example.com,4129420703,459 Main Street,Phoenix,IL,42968,Canada
140,Sophia,Williams,sophia.williams140@example.com,5687945511,685 Main Street,New York,AZ,46919,UK
141,Robert,Garcia,robert.garcia141@example.com,3366958914,377 Main Street,Chicago,TX,62008,USA
142,Michael,Smith,michael.smith142@example.com,9434675195,678 Main Street,Chicago,CA,26467,Australia
143,Michael,Davis,michael.davis143@example.com,1867400532,130 Main Street,New York,NY,62775,Canada
144,Emma,Miller,emma.miller144@example.com,7346556002,570 Main Street,Chicago,AZ,10037,UK
145,David,Smith,david.smith145@example.com,7351507844,151 Main Street,Phoenix,IL,30014,Canada
146,Emma,Brown,emma.brown146@example.com,7073987790,805 Main Street,Phoenix,IL,82330,Germany
147,Robert,Johnson,robert.johnson147@example.com,2913618653,491 Main Street,Los Angeles,IL,67861,Canada
148,John,Miller,john.miller148@example.com,7447499139,198 Main Street,New York,AZ,63526,USA
149,Michael,Martinez,michael.martinez149@example.com,2144970552,862 Main Street,Los Angeles,NY,37765,UK
150,Daniel,Martinez,daniel.martinez150@example.com,5159741939,94 Main Street,Phoenix,IL,83163,Canada
151,Sophia,Johnson,sophia.johnson151@example.com,2435212636,159 Main Street,Houston,IL,43720,Canada
152,Emily,Jones,emily.jones152@example.com,8150273674,616 Main Street,Phoenix,CA,78643,Canada
153,John,Smith,john.smith153@example.com,7198662939,74 Main Street,Houston,AZ,24689,Canada
154,Emma,Martinez,emma.martinez154@example.com,4907072450,43 Main Street,New York,AZ,37296,UK
155,Emily,Smith,emily.smith155@example.com,3904813228,877 Main Street,Houston,TX,76874,Australia
156,Sophia,Davis,sophia.davis156@example.com,4184727274,23 Main Street,Chicago,NY,54861,Germany
157,Olivia,Brown,olivia.brown157@example.com,5152906965,544 Main Street,Phoenix,NY,10195,Germany
158,David,Miller,david.miller158@example.com,5697327610,571 Main Street,Phoenix,AZ,97567,Germany
159,Robert,Jones,robert.jones159@example.com,9080005280,82 Main Street,Houston,IL,71932,USA
160,John,Miller,john.miller160@example.com,1507283864,170 Main Street,Houston,CA,62701,Germany
161,Michael,Williams,michael.williams161@example.com,6773740478,33 Main Street,Chicago,AZ,20419,UK
162,Robert,Johnson,robert.johnson162@example.com,1765119801,737 Main Street,Los Angeles,CA,58119,Germany
163,Emma,Davis,emma.davis163@example.com,2665734048,13 Main Street,Chicago,AZ,84261,Canada
164,Jane,Garcia,jane.garcia164@example.com,4678765117,808 Main Street,New York,AZ,57896,Germany
165,Jane,Miller,jane.miller165@example.com,3341328202,671 Main Street,Chicago,CA,74855,UK
166,Olivia,Rodriguez,olivia.rodriguez166@example.com,7102403936,681 Main Street,Houston,TX,79702,UK
167,Robert,Rodriguez,robert.rodriguez167@example.com,2382807069,498 Main Street,New York,CA,44503,Canada
168,Michael,Miller,michael.miller168@example.com,3384020192,919 Main Street,New York,IL,96033,USA
169,John,Davis,john.davis169@example.com,9290832240,43 Main Street,Houston,CA,74281,UK
170,Emma,Miller,emma.miller170@example.com,9275556454,126 Main Street,Phoenix,NY,68379,USA
171,Sophia,Johnson,sophia.johnson171@example.com,6269271907,671 Main Street,Los Angeles,TX,26738,Canada
172,Emily,Jones,emily.jones172@example.com,5860733062,14 Main Street,Houston,TX,88865,USA
173,David,Williams,david.williams173@example.com,4723787874,713 Main Street,Houston,TX,61477,Germany
174,Emily,Johnson,emily.johnson174@example.com,4717934422,685 Main Street,Phoenix,CA,69245,Canada
175,John,Rodriguez,john.rodriguez175@example.com,9783596289,292 Main Street,Phoenix,CA,90367,Australia
176,Daniel,Brown,daniel.brown176@example.com,9147268584,835 Main Street,Phoenix,CA,32271,Canada
177,Robert,Smith,robert.smith177@example.com,9709975668,540 Main Street,New York,CA,92015,Canada
178,Jane,Garcia,jane.garcia178@example.com,4464344862,158 Main Street,New York,NY,24811,Canada
179,John,Smith,john.smith179@example.com,4922743892,523 Main Street,Phoenix,NY,28698,Australia
180,Emma,Garcia,emma.garcia180@example.com,5870010898,242 Main Street,Houston,AZ,73496,UK
181,Emma,Johnson,emma.johnson181@example.com,5754444101,260 Main Street,Los Angeles,NY,77599,UK
182,David,Smith,david.smith182@example.com,6822797565,870 Main Street,Houston,IL,62364,Germany
183,Robert,Miller,robert.miller183@example.com,3538235716,437 Main Street,Houston,IL,67278,USA
184,David,Jones,david.jones184@example.com,4115230549,462 Main Street,Los Angeles,TX,61688,UK
185,Emma,Brown,emma.brown185@example.com,6834643195,490 Main Street,New York,TX,74765,Germany
186,Olivia,Garcia,olivia.garcia186@example.com,5634221418,543 Main Street,Houston,AZ,12351,Canada
187,John,Smith,john.smith187@example.com,2917675392,660 Main Street,Houston,TX,31478,Germany
188,Olivia,Brown,olivia.brown188@example.com,3916019730,807 Main Street,Houston,IL,26054,Germany
189,Sophia,Miller,sophia.miller189@example.com,2352116485,620 Main Street,New York,IL,72129,Australia
190,Emma,Williams,emma.williams190@example.com,1699297942,396 Main Street,Houston,NY,85720,Germany
191,David,Johnson,david.johnson191@example.com,2342197690,470 Main Street,Houston,IL,63391,Germany
192,David,Martinez,david.martinez192@example.com,2583918160,555 Main Street,Houston,AZ,41886,UK
193,Sophia,Garcia,sophia.garcia193@example.com,7252285124,236 Main Street,Chicago,CA,88057,UK
194,Olivia,Martinez,olivia.martinez194@example.com,8770280072,715 Main Street,Chicago,AZ,22440,USA
195,David,Rodriguez,david.rodriguez195@example.com,4221995055,439 Main Street,Los Angeles,CA,90457,UK
196,Olivia,Rodriguez,olivia.rodriguez196@example.com,6498236878,52 Main Street,Los Angeles,AZ,54700,Australia
197,John,Davis,john.davis197@example.com,8892953445,730 Main Street,Houston,TX,27402,UK
198,Sophia,Rodriguez,sophia.rodriguez198@example.com,1779404008,416 Main Street,Houston,CA,50554,Australia
199,Jane,Miller,jane.miller199@example.com,4990308643,923 Main Street,Houston,AZ,98376,USA
200,Sophia,Williams,sophia.williams200@example.com,5720026027,918 Main Street,Los Angeles,NY,27722,USA
201,Emma,Johnson,emma.johnson201@example.com,8099216906,697 Main Street,New York,IL,35335,Australia
202,Jane,Miller,jane.miller202@example.com,3372121480,383 Main Street,Los Angeles,IL,27232,USA
203,John,Williams,john.williams203@example.com,2129781653,816 Main Street,Chicago,NY,92205,Germany
204,Daniel,Jones,daniel.jones204@example.com,3046236818,964 Main Street,Houston,AZ,48476,Germany
205,Jane,Garcia,jane.garcia205@example.com,5621430325,996 Main Street,Chicago,NY,51912,Germany
206,Robert,Brown,robert.brown206@example.com,3726084931,167 Main Street,Los Angeles,CA,48243,Australia
207,John,Brown,john.brown207@example.com,8339199771,995 Main Street,New York,AZ,26296,USA
208,Sophia,Brown,sophia.brown208@example.com,3256961108,930 Main Street,Chicago,CA,35934,Canada
209,Robert,Rodriguez,robert.rodriguez209@example.com,8196313275,890 Main Street,Chicago,TX,43880,Australia
210,Emily,Martinez,emily.martinez210@example.com,9327690979,226 Main Street,Chicago,AZ,60510,UK
211,Sophia,Johnson,sophia.johnson211@example.com,6643433555,873 Main Street,Chicago,NY,58442,Australia
212,David,Rodriguez,david.rodriguez212@example.com,4895215339,785 Main Street,New York,NY,11453,Germany
213,Michael,Brown,michael.brown213@example.com,4020669398,623 Main Street,Los Angeles,AZ,79840,Germany
214,Emma,Martinez,emma.martinez214@example.com,1681727853,869 Main Street,Los Angeles,AZ,34744,Canada
215,Michael,Rodriguez,michael.rodriguez215@example.com,1027796538,95 Main Street,New York,CA,14440,Australia
216,Daniel,Williams,daniel.williams216@example.com,6891532807,565 Main Street,Phoenix,AZ,34527,Canada
217,Emily,Rodriguez,emily.rodriguez217@example.com,2956084968,245 Main Street,Phoenix,AZ,35571,USA
218,Sophia,Garcia,sophia.garcia218@example.com,5742219209,93 Main Street,Phoenix,IL,38671,USA
219,Daniel,Brown,daniel.brown219@example.com,6218407155,935 Main Street,Los Angeles,AZ,68120,Australia
220,Jane,Williams,jane.williams220@example.com,2574799186,226 Main Street,Phoenix,AZ,67599,Canada
221,Jane,Miller,jane.miller221@example.com,9367145034,669 Main Street,Houston,CA,27916,USA
222,Emily,Williams,emily.williams222@example.com,5299119811,255 Main Street,New York,TX,52332,Australia
223,Sophia,Jones,sophia.jones223@example.com,8515898898,605 Main Street,Phoenix,TX,81131,USA
224,Michael,Miller,michael.miller224@example.com,8016994179,520 Main Street,Houston,NY,80904,Canada
225,Emily,Davis,emily.davis225@example.com,9455881880,919 Main Street,Chicago,NY,23227,Australia
226,John,Jones,john.jones226@example.com,1324227885,151 Main Street,Houston,AZ,72415,UK
227,Emma,Smith,emma.smith227@example.com,6665139361,626 Main Street,Los Angeles,NY,24356,USA
228,Olivia,Smith,olivia.smith228@example.com,4131696291,325 Main Street,Houston,CA,89628,USA
229,David,Miller,david.miller229@example.com,8528558425,837 Main Street,New York,TX,23053,Germany
230,David,Garcia,david.garcia230@example.com,6041330025,226 Main Street,New York,CA,23103,USA
231,Sophia,Jones,sophia.jones231@example.com,1993356372,631 Main Street,Houston,CA,17927,USA
232,Emma,Williams,emma.williams232@example.com,7165793514,438 Main Street,Phoenix,IL,18242,USA
233,Robert,Williams,robert.williams233@example.com,8168828010,611 Main Street,Chicago,NY,13134,Canada
234,Emma,Miller,emma.miller234@example.com,4228691395,181 Main Street,Los Angeles,CA,11776,UK
235,Daniel,Davis,daniel.davis235@example.com,2875912612,713 Main Street,Chicago,TX,84578,Australia
236,Emily,Williams,emily.williams236@example.com,6036409284,542 Main Street,Los Angeles,NY,71616,UK
237,David,Brown,david.brown237@example.com,9367324756,246 Main Street,Phoenix,TX,92110,Australia
238,Robert,Jones,robert.jones238@example.com,3073144835,576 Main Street,Phoenix,NY,24813,Australia
239,Emily,Davis,emily.davis239@example.com,2272444747,554 Main Street,Los Angeles,IL,35427,Canada
240,Jane,Martinez,jane.martinez240@example.com,6017643244,742 Main Street,Houston,AZ,17937,USA
241,Robert,Martinez,robert.martinez241@example.com,6033049639,561 Main Street,New York,TX,48107,UK
242,Olivia,Williams,olivia.williams242@example.com,2264551379,432 Main Street,Los Angeles,CA,97415,Canada
243,Emma,Martinez,emma.martinez243@example.com,6569330911,869 Main Street,New York,AZ,46443,Germany
244,Olivia,Miller,olivia.miller244@example.com,1620480760,748 Main Street,New York,AZ,73926,Australia
245,Emma,Davis,emma.davis245@example.com,5733928242,433 Main Street,Phoenix,CA,36377,Australia
246,Emma,Brown,emma.brown246@example.com,2471686604,490 Main Street,Los Angeles,AZ,95481,Germany
247,Sophia,Martinez,sophia.martinez247@example.com,3909731773,533 Main Street,Phoenix,IL,35035,USA
248,Sophia,Smith,sophia.smith248@example.com,9733289990,412 Main Street,Los Angeles,TX,75283,USA
249,Michael,Garcia,michael.garcia249@example.com,3642999640,596 Main Street,Houston,AZ,61069,USA
250,Daniel,Brown,daniel.brown250@example.com,4361444045,385 Main Street,Los Angeles,AZ,39977,USA
251,Robert,Brown,robert.brown251@example.com,7076429837,217 Main Street,Chicago,IL,37605,UK
252,Jane,Davis,jane.davis252@example.com,6224182009,38 Main Street,Los Angeles,IL,79004,Australia
253,Robert,Rodriguez,robert.rodriguez253@example.com,2622945329,99 Main Street,New York,CA,92445,Australia
254,John,Garcia,john.garcia254@example.com,8383282581,665 Main Street,New York,NY,75206,UK
255,Olivia,Johnson,olivia.johnson255@example.com,2146049202,251 Main Street,New York,TX,67963,Australia
256,Daniel,Jones,daniel.jones256@example.com,4314748283,705 Main Street,New York,AZ,75745,USA
257,Daniel,Martinez,daniel.martinez257@example.com,2896144455,861 Main Street,Houston,TX,54054,Canada
258,Jane,Miller,jane.miller258@example.com,2145755545,407 Main Street,Phoenix,NY,14481,UK
259,Emily,Rodriguez,emily.rodriguez259@example.com,8652412103,493 Main Street,Chicago,CA,77094,Australia
260,Emily,Garcia,emily.garcia260@example.com,6781001740,541 Main Street,New York,IL,21946,Australia
261,Michael,Brown,michael.brown261@example.com,7128698803,323 Main Street,New York,AZ,20903,USA
262,Olivia,Rodriguez,olivia.rodriguez262@example.com,9782844929,93 Main Street,Los Angeles,AZ,44593,UK
263,Emma,Johnson,emma.johnson263@example.com,5723982733,895 Main Street,Houston,CA,72370,Germany
264,Jane,Garcia,jane.garcia264@example.com,5318478510,253 Main Street,Los Angeles,IL,44226,Germany
265,Robert,Smith,robert.smith265@example.com,1723704347,410 Main Street,Chicago,IL,33440,Canada
266,Jane,Johnson,jane.johnson266@example.com,3786378700,24 Main Street,Los Angeles,AZ,86052,Canada
267,Olivia,Jones,olivia.jones267@example.com,1255365502,293 Main Street,Los Angeles,CA,91071,USA
268,Robert,Johnson,robert.johnson268@example.com,5995939664,545 Main Street,Chicago,TX,22775,UK
269,John,Johnson,john.johnson269@example.com,7681975448,445 Main Street,Los Angeles,AZ,27439,UK
270,Jane,Smith,jane.smith270@example.com,7563190541,444 Main Street,New York,IL,42364,USA
271,John,Davis,john.davis271@example.com,7592637204,620 Main Street,Chicago,CA,86957,Canada
272,Emma,Rodriguez,emma.rodriguez272@example.com,9524331533,271 Main Street,Los Angeles,CA,36202,UK
273,David,Garcia,david.garcia273@example.com,5275893860,367 Main Street,Los Angeles,TX,10011,Canada
274,Michael,Miller,michael.miller274@example.com,4561554015,130 Main Street,Chicago,NY,73724,Canada
275,Emily,Brown,emily.brown275@example.com,7169621845,256 Main Street,Houston,NY,11205,Germany
276,Emily,Rodriguez,emily.rodriguez276@example.com,5037813714,25 Main Street,Houston,AZ,31492,UK
277,Emily,Miller,emily.miller277@example.com,2357535521,508 Main Street,New York,TX,76963,Canada
278,David,Johnson,david.johnson278@example.com,3863574170,31 Main Street,Chicago,AZ,31667,Germany
279,John,Rodriguez,john.rodriguez279@example.com,2434046155,130 Main Street,Los Angeles,NY,78353,USA
280,John,Martinez,john.martinez280@example.com,6085035086,524 Main Street,Chicago,AZ,50338,Australia
281,David,Williams,david.williams281@example.com,4441027359,819 Main Street,New York,TX,66314,USA
282,Daniel,Brown,daniel.brown282@example.com,4089770351,579 Main Street,Chicago,IL,55636,UK
283,Jane,Brown,jane.brown283@example.com,8976856382,497 Main Street,New York,AZ,15637,Canada
284,Daniel,Davis,daniel.davis284@example.com,8379248843,95 Main Street,Houston,IL,60692,Canada
285,Emily,Smith,emily.smith285@example.com,6818593942,328 Main Street,Los Angeles,IL,89251,UK
286,Robert,Smith,robert.smith286@example.com,8606123573,474 Main Street,New York,CA,87209,Canada
287,Olivia,Johnson,olivia.johnson287@example.com,9776775835,536 Main Street,New York,TX,76414,UK
288,Jane,Williams,jane.williams288@example.com,9927393943,291 Main Street,Los Angeles,IL,58684,USA
289,John,Miller,john.miller289@example.com,7220415149,658 Main Street,Houston,NY,19497,Australia
290,Emily,Johnson,emily.johnson290@example.com,8874385203,411 Main Street,New York,IL,84079,UK
291,David,Jones,david.jones291@example.com,4730176739,962 Main Street,Chicago,AZ,91005,Australia
292,Michael,Smith,michael.smith292@example.com,8029493309,434 Main Street,Houston,IL,77851,Canada
293,Sophia,Smith,sophia.smith293@example.com,2252477971,372 Main Street,Houston,NY,22108,UK
294,John,Jones,john.jones294@example.com,4470541765,581 Main Street,Los Angeles,NY,19320,USA
295,Olivia,Miller,olivia.miller295@example.com,4624639890,336 Main Street,Los Angeles,NY,64349,Canada
296,Michael,Jones,michael.jones296@example.com,8359180888,683 Main Street,Los Angeles,TX,24680,Australia
297,Emma,Rodriguez,emma.rodriguez297@example.com,1129765565,397 Main Street,Los Angeles,NY,80216,USA
298,John,Williams,john.williams298@example.com,4702258999,780 Main Street,New York,TX,11784,Germany
299,Jane,Garcia,jane.garcia299@example.com,8195766961,219 Main Street,Los Angeles,NY,40678,UK
300,Sophia,Smith,sophia.smith300@example.com,8963718858,91 Main Street,Los Angeles,NY,98376,Germany
301,Robert,Brown,robert.brown301@example.com,5428114426,631 Main Street,Houston,TX,35901,Canada
302,David,Miller,david.miller302@example.com,9134235270,867 Main Street,New York,IL,46626,Australia
303,Olivia,Johnson,olivia.johnson303@example.com,1465362503,230 Main Street,Phoenix,AZ,31044,UK
304,David,Williams,david.williams304@example.com,8295527206,235 Main Street,New York,IL,10685,USA
305,David,Williams,david.williams305@example.com,1739969859,744 Main Street,New York,IL,58312,USA
306,Jane,Johnson,jane.johnson306@example.com,5502760294,142 Main Street,Los Angeles,TX,67353,Australia
307,Daniel,Garcia,daniel.garcia307@example.com,1954371722,894 Main Street,Chicago,AZ,69981,UK
308,Olivia,Smith,olivia.smith308@example.com,7465030667,643 Main Street,Chicago,NY,77015,Canada
309,Daniel,Jones,daniel.jones309@example.com,5296624096,996 Main Street,Houston,AZ,30459,Germany
310,Emily,Brown,emily.brown310@example.com,4151857715,182 Main Street,Los Angeles,NY,59933,USA
311,Daniel,Smith,daniel.smith311@example.com,2389563224,52 Main Street,New York,NY,75771,Australia
312,Jane,Williams,jane.williams312@example.com,8619315058,209 Main Street,Phoenix,CA,54272,Germany
313,Michael,Garcia,michael.garcia313@example.com,6224990887,751 Main Street,Houston,TX,98083,Australia
314,Emily,Davis,emily.davis314@example.com,5966153387,324 Main Street,Chicago,AZ,16419,Germany
315,Michael,Miller,michael.miller315@example.com,8062819074,147 Main Street,Chicago,TX,33675,Germany
316,Sophia,Smith,sophia.smith316@example.com,1371145059,865 Main Street,Los Angeles,NY,14497,Australia
317,Jane,Jones,jane.jones317@example.com,8534829851,896 Main Street,Houston,CA,47470,USA
318,Emma,Brown,emma.brown318@example.com,9437288782,452 Main Street,Chicago,TX,80656,Canada
319,Sophia,Rodriguez,sophia.rodriguez319@example.com,5271078409,207 Main Street,Phoenix,IL,32600,UK
320,Emily,Davis,emily.davis320@example.com,5843145341,903 Main Street,Phoenix,NY,32744,UK
321,Jane,Jones,jane.jones321@example.com,7952116602,555 Main Street,New York,CA,21523,Australia
322,Sophia,Davis,sophia.davis322@example.com,3443242670,771 Main Street,Phoenix,AZ,14452,USA
323,Robert,Johnson,robert.johnson323@example.com,5101424972,249 Main Street,Chicago,NY,91504,Germany
324,John,Davis,john.davis324@example.com,3691990583,443 Main Street,New York,NY,55687,Canada
325,Olivia,Miller,olivia.miller325@example.com,4955602520,115 Main Street,Phoenix,IL,90751,Germany
326,Emily,Rodriguez,emily.rodriguez326@example.com,2276094839,893 Main Street,Chicago,TX,73392,Germany
327,Emily,Rodriguez,emily.rodriguez327@example.com,6658881588,653 Main Street,Phoenix,CA,90093,USA
328,Michael,Williams,michael.williams328@example.com,9182658187,94 Main Street,Houston,NY,45012,Australia
329,Michael,Johnson,michael.johnson329@example.com,9041556745,62 Main Street,Houston,AZ,17300,USA
330,John,Garcia,john.garcia330@example.com,4199184566,536 Main Street,New York,NY,21609,Canada
331,Emma,Johnson,emma.johnson331@example.com,6188225043,413 Main Street,Phoenix,NY,86008,UK
332,Emma,Brown,emma.brown332@example.com,4047925204,202 Main Street,Los Angeles,AZ,65768,Germany
333,David,Brown,david.brown333@example.com,9684177530,340 Main Street,New York,AZ,56432,UK
334,Emma,Davis,emma.davis334@example.com,5024401817,421 Main Street,Houston,NY,53594,Germany
335,Emma,Jones,emma.jones335@example.com,2365798597,243 Main Street,Houston,TX,24358,USA
336,Emily,Garcia,emily.garcia336@example.com,4327379759,99 Main Street,New York,CA,45419,Germany
337,Jane,Johnson,jane.johnson337@example.com,7593263987,109 Main Street,Phoenix,AZ,91981,Germany
338,David,Miller,david.miller338@example.com,8261462177,518 Main Street,Chicago,AZ,46686,UK
339,David,Davis,david.davis339@example.com,5233646120,3 Main Street,Phoenix,CA,59376,Germany
340,Sophia,Williams,sophia.williams340@example.com,5471302833,793 Main Street,Chicago,NY,70513,Canada
341,Jane,Martinez,jane.martinez341@example.com,4788885121,917 Main Street,Los Angeles,AZ,64195,Canada
342,Jane,Martinez,jane.martinez342@example.com,9116387821,553 Main Street,New York,AZ,61844,UK
343,David,Johnson,david.johnson343@example.com,2102483311,576 Main Street,New York,TX,86742,Germany
344,Emily,Johnson,emily.johnson344@example.com,7052397154,729 Main Street,Los Angeles,NY,27707,Germany
345,Jane,Brown,jane.brown345@example.com,7491472181,4 Main Street,New York,AZ,88878,USA
346,David,Johnson,david.johnson346@example.com,3988969365,964 Main Street,Chicago,TX,13046,Australia
347,Emma,Miller,emma.miller347@example.com,7928042767,95 Main Street,Phoenix,TX,75180,Germany
348,Michael,Miller,michael.miller348@example.com,6136790810,878 Main Street,Houston,NY,98458,USA
349,Olivia,Williams,olivia.williams349@example.com,4853442171,14 Main Street,Los Angeles,CA,43773,Germany
350,Michael,Brown,michael.brown350@example.com,5191986211,28 Main Street,Los Angeles,TX,64235,UK
351,Daniel,Jones,daniel.jones351@example.com,4315471097,265 Main Street,Phoenix,AZ,77368,Australia
352,David,Williams,david.williams352@example.com,3546179095,166 Main Street,New York,AZ,32563,UK
353,John,Miller,john.miller353@example.com,4414907253,315 Main Street,New York,AZ,56639,USA
354,Jane,Brown,jane.brown354@example.com,6029437583,594 Main Street,Phoenix,CA,94818,USA
355,Olivia,Johnson,olivia.johnson355@example.com,3505951147,22 Main Street,Houston,CA,50004,UK
356,John,Smith,john.smith356@example.com,9328756724,784 Main Street,Phoenix,AZ,62174,USA
357,Sophia,Rodriguez,sophia.rodriguez357@example.com,3773165000,829 Main Street,Phoenix,IL,82386,USA
358,Michael,Garcia,michael.garcia358@example.com,5155198768,725 Main Street,New York,TX,35085,UK
359,Daniel,Smith,daniel.smith359@example.com,9755919538,3 Main Street,New York,AZ,41114,Germany
360,Jane,Smith,jane.smith360@example.com,3070774474,150 Main Street,Phoenix,TX,22118,UK
361,Emily,Martinez,emily.martinez361@example.com,4108828510,579 Main Street,Los Angeles,TX,66523,USA
362,David,Martinez,david.martinez362@example.com,2839741735,47 Main Street,Chicago,AZ,77117,USA
363,Emma,Garcia,emma.garcia363@example.com,4170258671,54 Main Street,New York,CA,33178,UK
364,John,Brown,john.brown364@example.com,4535637965,319 Main Street,Chicago,AZ,82216,Australia
365,Emily,Jones,emily.jones365@example.com,8627450334,249 Main Street,Chicago,IL,79952,Germany
366,Olivia,Martinez,olivia.martinez366@example.com,8097220675,774 Main Street,Los Angeles,AZ,71996,UK
367,Olivia,Miller,olivia.miller367@example.com,5430768647,710 Main Street,Houston,TX,83393,UK
368,Emily,Miller,emily.miller368@example.com,4210972688,312 Main Street,Phoenix,TX,52909,Australia
369,Emily,Garcia,emily.garcia369@example.com,4379995877,298 Main Street,Los Angeles,TX,58049,Canada
370,Sophia,Johnson,sophia.johnson370@example.com,7807053476,109 Main Street,Phoenix,TX,23236,Canada
371,Olivia,Davis,olivia.davis371@example.com,4770516027,970 Main Street,New York,NY,27820,Germany
372,Robert,Brown,robert.brown372@example.com,6588316885,505 Main Street,Houston,CA,97291,Australia
373,David,Martinez,david.martinez373@example.com,2487471652,404 Main Street,Los Angeles,NY,69423,Germany
374,Sophia,Davis,sophia.davis374@example.com,5244430094,690 Main Street,New York,TX,63248,USA
375,Jane,Williams,jane.williams375@example.com,1177572125,423 Main Street,Los Angeles,CA,64132,Germany
376,John,Rodriguez,john.rodriguez376@example.com,3133670954,683 Main Street,Houston,TX,81447,Canada
377,Emma,Smith,emma.smith377@example.com,9827125749,310 Main Street,Los Angeles,IL,10373,USA
378,Emma,Williams,emma.williams378@example.com,6744475470,743 Main Street,Houston,AZ,72140,Canada
379,Michael,Garcia,michael.garcia379@example.com,6881612777,663 Main Street,Chicago,TX,22100,Germany
380,John,Rodriguez,john.rodriguez380@example.com,2042867918,455 Main Street,Los Angeles,CA,83062,UK
381,Michael,Brown,michael.brown381@example.com,4045277610,3 Main Street,Houston,NY,24856,Canada
382,Daniel,Brown,daniel.brown382@example.com,7205754554,415 Main Street,Phoenix,CA,15392,Canada
383,Daniel,Martinez,daniel.martinez383@example.com,3606877474,916 Main Street,Phoenix,NY,33497,UK
384,Robert,Miller,robert.miller384@example.com,1491033133,740 Main Street,Los Angeles,AZ,50225,Germany
385,David,Rodriguez,david.rodriguez385@example.com,4316871184,846 Main Street,New York,AZ,34237,UK
386,Michael,Jones,michael.jones386@example.com,2491754936,388 Main Street,New York,AZ,87632,Australia
387,Robert,Martinez,robert.martinez387@example.com,4861136644,54 Main Street,Houston,TX,74882,Australia
388,David,Davis,david.davis388@example.com,3076446017,348 Main Street,New York,IL,73043,Canada
389,David,Davis,david.davis389@example.com,4444411412,746 Main Street,Phoenix,IL,36351,UK
390,David,Brown,david.brown390@example.com,5293533789,141 Main Street,New York,TX,36975,Canada
391,Emma,Rodriguez,emma.rodriguez391@example.com,8618401004,847 Main Street,Los Angeles,AZ,16814,UK
392,Emma,Miller,emma.miller392@example.com,8367964377,119 Main Street,Chicago,CA,72643,UK
393,Emma,Davis,emma.davis393@example.com,9365357300,782 Main Street,Los Angeles,NY,34932,Canada
394,Jane,Martinez,jane.martinez394@example.com,1832796274,284 Main Street,Phoenix,CA,19725,UK
395,John,Garcia,john.garcia395@example.com,8467026678,477 Main Street,Los Angeles,NY,89075,Australia
396,Michael,Martinez,michael.martinez396@example.com,7627074289,338 Main Street,New York,AZ,13452,Canada
397,David,Brown,david.brown397@example.com,7886216674,149 Main Street,Chicago,NY,70400,UK
398,Sophia,Miller,sophia.miller398@example.com,4195338712,125 Main Street,Chicago,CA,17418,Australia
399,Emma,Brown,emma.brown399@example.com,4673712183,197 Main Street,New York,AZ,45703,Australia
400,Emma,Johnson,emma.johnson400@example.com,9634457111,30 Main Street,Phoenix,TX,13813,Germany
401,John,Brown,john.brown401@example.com,6376322516,674 Main Street,New York,AZ,25734,UK
402,Jane,Jones,jane.jones402@example.com,8596333268,260 Main Street,Phoenix,IL,63400,Germany
403,John,Brown,john.brown403@example.com,2402363654,726 Main Street,Los Angeles,IL,32293,Australia
404,Daniel,Smith,daniel.smith404@example.com,7385057841,284 Main Street,Chicago,NY,88781,Germany
405,Daniel,Williams,daniel.williams405@example.com,4771058513,633 Main Street,Los Angeles,CA,43886,Australia
406,Robert,Johnson,robert.johnson406@example.com,6643898479,280 Main Street,Phoenix,IL,77191,Germany
407,Emily,Smith,emily.smith407@example.com,4560244598,762 Main Street,New York,TX,24678,USA
408,David,Williams,david.williams408@example.com,9307285247,350 Main Street,Houston,CA,64592,Australia
409,John,Williams,john.williams409@example.com,7532640000,163 Main Street,Los Angeles,CA,97085,Canada
410,Robert,Garcia,robert.garcia410@example.com,6719012635,589 Main Street,Los Angeles,CA,24355,UK
411,Michael,Smith,michael.smith411@example.com,2359084080,839 Main Street,Los Angeles,IL,30124,USA
412,Emma,Rodriguez,emma.rodriguez412@example.com,8533180965,167 Main Street,Los Angeles,AZ,13080,Canada
413,Michael,Miller,michael.miller413@example.com,7937704246,20 Main Street,New York,NY,56611,USA
414,Michael,Martinez,michael.martinez414@example.com,9822465231,821 Main Street,Phoenix,NY,94123,Canada
415,Emily,Miller,emily.miller415@example.com,5974016948,99 Main Street,Phoenix,IL,45665,Australia
416,Sophia,Jones,sophia.jones416@example.com,2648321387,560 Main Street,Phoenix,AZ,96597,USA
417,Olivia,Davis,olivia.davis417@example.com,2613842101,154 Main Street,New York,IL,90086,Canada
418,Daniel,Smith,daniel.smith418@example.com,6276460837,613 Main Street,Los Angeles,IL,90791,Germany
419,Robert,Williams,robert.williams419@example.com,5617321499,444 Main Street,Houston,AZ,52474,UK
420,Olivia,Rodriguez,olivia.rodriguez420@example.com,3198888539,457 Main Street,New York,AZ,19695,Germany
421,Emily,Rodriguez,emily.rodriguez421@example.com,1706271673,435 Main Street,Houston,NY,15532,UK
422,Emma,Rodriguez,emma.rodriguez422@example.com,2613022558,441 Main Street,Houston,AZ,46065,Canada
423,Jane,Johnson,jane.johnson423@example.com,3439482496,208 Main Street,Phoenix,NY,21440,UK
424,Jane,Jones,jane.jones424@example.com,8468628212,251 Main Street,Houston,CA,36312,Canada
425,Sophia,Brown,sophia.brown425@example.com,2918700959,149 Main Street,Chicago,IL,63206,UK
426,Daniel,Johnson,daniel.johnson426@example.com,9030854062,71 Main Street,Chicago,AZ,14759,Canada
427,Emma,Williams,emma.williams427@example.com,6573523551,192 Main Street,Chicago,AZ,20232,Australia
428,Emma,Johnson,emma.johnson428@example.com,6971475175,64 Main Street,New York,NY,28138,Canada
429,Emma,Smith,emma.smith429@example.com,3051088581,672 Main Street,Phoenix,CA,96964,Australia
430,Emma,Rodriguez,emma.rodriguez430@example.com,1789005271,54 Main Street,New York,TX,95539,Canada
431,Robert,Brown,robert.brown431@example.com,4896862022,219 Main Street,Houston,IL,55878,UK
432,Daniel,Johnson,daniel.johnson432@example.com,5964665447,548 Main Street,Los Angeles,IL,37042,Canada
433,Emma,Martinez,emma.martinez433@example.com,9058186461,249 Main Street,Phoenix,IL,71224,UK
434,Sophia,Williams,sophia.williams434@example.com,8248652338,666 Main Street,Houston,AZ,80269,USA
435,Emma,Davis,emma.davis435@example.com,6244186855,483 Main Street,Los Angeles,NY,99090,Australia
436,Michael,Miller,michael.miller436@example.com,4287408071,501 Main Street,Chicago,CA,95050,Australia
437,Michael,Brown,michael.brown437@example.com,3216380759,179 Main Street,Phoenix,TX,53582,UK
438,Robert,Garcia,robert.garcia438@example.com,7208490043,792 Main Street,Houston,TX,48441,Australia
439,John,Garcia,john.garcia439@example.com,3777540909,872 Main Street,Phoenix,AZ,29824,Germany
440,John,Smith,john.smith440@example.com,7291944544,294 Main Street,Los Angeles,IL,75745,USA
441,David,Jones,david.jones441@example.com,6996540486,491 Main Street,Houston,TX,44541,USA
442,John,Williams,john.williams442@example.com,8836583950,417 Main Street,Chicago,AZ,91311,Canada
443,Olivia,Davis,olivia.davis443@example.com,1725094876,234 Main Street,Los Angeles,CA,70453,USA
444,John,Brown,john.brown444@example.com,5566265055,222 Main Street,Houston,NY,76303,Germany
445,David,Rodriguez,david.rodriguez445@example.com,6403962345,737 Main Street,New York,IL,81168,Canada
446,Emma,Garcia,emma.garcia446@example.com,8233533155,440 Main Street,Houston,NY,89712,Australia
447,Michael,Smith,michael.smith447@example.com,2237483774,901 Main Street,Los Angeles,AZ,23458,Canada
448,Emma,Martinez,emma.martinez448@example.com,3215917775,829 Main Street,Chicago,AZ,23199,Australia
449,Emma,Brown,emma.brown449@example.com,3239754064,629 Main Street,New York,NY,16737,USA
450,Robert,Smith,robert.smith450@example.com,1546037416,119 Main Street,New York,IL,14067,Canada
451,Emma,Jones,emma.jones451@example.com,2047831753,104 Main Street,Los Angeles,NY,31914,USA
452,Emma,Jones,emma.jones452@example.com,8464520186,213 Main Street,Chicago,IL,84513,Australia
453,David,Miller,david.miller453@example.com,5533874179,161 Main Street,Houston,TX,44239,Germany
454,David,Miller,david.miller454@example.com,6320207617,466 Main Street,Chicago,IL,79125,Australia
455,John,Brown,john.brown455@example.com,2213958822,354 Main Street,Chicago,AZ,59119,USA
456,Emma,Martinez,emma.martinez456@example.com,8122972740,918 Main Street,Chicago,NY,24243,USA
457,David,Garcia,david.garcia457@example.com,4553608600,631 Main Street,Phoenix,CA,60087,Germany
458,Emma,Smith,emma.smith458@example.com,8976080668,654 Main Street,Chicago,AZ,46468,USA
459,Robert,Smith,robert.smith459@example.com,4465079093,649 Main Street,Houston,IL,67135,Canada
460,Michael,Johnson,michael.johnson460@example.com,1453523364,790 Main Street,Houston,AZ,34741,Canada
461,Jane,Smith,jane.smith461@example.com,1494282079,926 Main Street,Chicago,AZ,40148,Germany
462,Olivia,Garcia,olivia.garcia462@example.com,5645282058,44 Main Street,New York,IL,70954,UK
463,David,Johnson,david.johnson463@example.com,3079966589,439 Main Street,New York,CA,57767,USA
464,Sophia,Davis,sophia.davis464@example.com,7459903659,361 Main Street,New York,AZ,48264,UK
465,Sophia,Rodriguez,sophia.rodriguez465@example.com,4453118826,100 Main Street,Phoenix,AZ,44236,Australia
466,Emma,Davis,emma.davis466@example.com,5323857663,997 Main Street,New York,AZ,77961,Canada
467,Sophia,Jones,sophia.jones467@example.com,7960714349,380 Main Street,Chicago,CA,51115,Canada
468,Robert,Rodriguez,robert.rodriguez468@example.com,3142148094,446 Main Street,Chicago,CA,18000,Australia
469,David,Williams,david.williams469@example.com,5209493177,412 Main Street,Los Angeles,NY,68977,USA
470,Daniel,Williams,daniel.williams470@example.com,2984575064,722 Main Street,Houston,AZ,82545,Australia
471,David,Miller,david.miller471@example.com,1090972714,227 Main Street,Houston,NY,43346,Germany
472,Emily,Garcia,emily.garcia472@example.com,5990202803,8 Main Street,Chicago,IL,51709,Canada
473,John,Davis,john.davis473@example.com,8292955316,876 Main Street,New York,AZ,93419,UK
474,Michael,Miller,michael.miller474@example.com,3208603377,14 Main Street,Los Angeles,NY,95898,Germany
475,Jane,Miller,jane.miller475@example.com,3831048377,554 Main Street,Houston,TX,58715,UK
476,Daniel,Smith,daniel.smith476@example.com,2389056970,243 Main Street,New York,NY,60194,Canada
477,Emma,Williams,emma.williams477@example.com,9904241172,742 Main Street,Houston,IL,11565,UK
478,David,Martinez,david.martinez478@example.com,3787632324,454 Main Street,Los Angeles,NY,47208,Canada
479,Daniel,Johnson,daniel.johnson479@example.com,3471379281,968 Main Street,Phoenix,CA,76172,USA
480,Jane,Martinez,jane.martinez480@example.com,1506987983,499 Main Street,New York,TX,84977,USA
481,Robert,Johnson,robert.johnson481@example.com,8868897260,411 Main Street,Los Angeles,TX,30125,Canada
482,Jane,Johnson,jane.johnson482@example.com,1571313569,24 Main Street,Los Angeles,CA,23016,Australia
483,John,Martinez,john.martinez483@example.com,4780260549,180 Main Street,Chicago,NY,70620,USA
484,John,Rodriguez,john.rodriguez484@example.com,8937483731,28 Main Street,Houston,CA,34404,Germany
485,Sophia,Smith,sophia.smith485@example.com,2398727487,486 Main Street,Los Angeles,NY,10907,UK
486,Daniel,Brown,daniel.brown486@example.com,8332110297,371 Main Street,Phoenix,NY,87582,Canada
487,Emily,Jones,emily.jones487@example.com,8702753666,114 Main Street,Los Angeles,TX,49638,USA
488,Emma,Williams,emma.williams488@example.com,3410664164,590 Main Street,Chicago,AZ,34552,Australia
489,Jane,Martinez,jane.martinez489@example.com,1493846311,747 Main Street,Chicago,AZ,23621,USA
490,Jane,Martinez,jane.martinez490@example.com,9382448079,667 Main Street,Chicago,CA,48933,Canada
491,Emily,Miller,emily.miller491@example.com,1799138660,212 Main Street,Houston,NY,40779,Australia
492,Jane,Smith,jane.smith492@example.com,1159139643,870 Main Street,New York,IL,67099,Germany
493,Michael,Rodriguez,michael.rodriguez493@example.com,1233948929,240 Main Street,Houston,AZ,93236,USA
494,Daniel,Garcia,daniel.garcia494@example.com,4489509740,322 Main Street,Phoenix,TX,86327,Germany
495,Sophia,Williams,sophia.williams495@example.com,8553009485,831 Main Street,Phoenix,TX,30208,UK
496,Emma,Miller,emma.miller496@example.com,1762729814,576 Main Street,New York,CA,53814,USA
497,Olivia,Rodriguez,olivia.rodriguez497@example.com,5011129447,658 Main Street,Phoenix,AZ,89324,Canada
498,Sophia,Miller,sophia.miller498@example.com,6261964880,451 Main Street,Houston,IL,62533,UK
499,Daniel,Brown,daniel.brown499@example.com,3621374884,766 Main Street,Houston,AZ,98787,Australia
500,Michael,Rodriguez,michael.rodriguez500@example.com,5151090142,767 Main Street,Los Angeles,NY,43207,Canada
501,John,Rodriguez,john.rodriguez501@example.com,8534278276,845 Main Street,Los Angeles,CA,42471,Germany
502,Jane,Rodriguez,jane.rodriguez502@example.com,4737607228,879 Main Street,Phoenix,IL,11715,Canada
503,Emily,Johnson,emily.johnson503@example.com,6135937121,919 Main Street,New York,NY,64240,UK
504,Jane,Rodriguez,jane.rodriguez504@example.com,1035193236,144 Main Street,New York,CA,92028,UK
505,Jane,Rodriguez,jane.rodriguez505@example.com,9443447024,85 Main Street,Phoenix,CA,50511,UK
506,Emma,Johnson,emma.johnson506@example.com,4612695137,146 Main Street,Los Angeles,IL,87668,USA
507,Daniel,Miller,daniel.miller507@example.com,1548841390,112 Main Street,Houston,AZ,85024,Germany
508,Jane,Jones,jane.jones508@example.com,3840937021,212 Main Street,New York,NY,12942,Germany
509,Robert,Garcia,robert.garcia509@example.com,9628933333,494 Main Street,New York,TX,19938,Germany
510,Jane,Rodriguez,jane.rodriguez510@example.com,9409316587,376 Main Street,New York,CA,37477,Canada
511,Emma,Williams,emma.williams511@example.com,3426316759,530 Main Street,Los Angeles,NY,65289,Canada
512,Jane,Davis,jane.davis512@example.com,1664159683,904 Main Street,Houston,NY,10573,Germany
513,Daniel,Davis,daniel.davis513@example.com,7317591106,565 Main Street,Los Angeles,TX,20868,Canada
514,Sophia,Smith,sophia.smith514@example.com,2661659433,478 Main Street,Houston,IL,87433,USA
515,Olivia,Martinez,olivia.martinez515@example.com,4447178706,514 Main Street,Phoenix,IL,26105,Australia
516,David,Jones,david.jones516@example.com,8364589694,122 Main Street,Phoenix,NY,19685,Germany
517,David,Miller,david.miller517@example.com,4592659510,985 Main Street,Houston,CA,45434,Canada
518,Robert,Miller,robert.miller518@example.com,4145651278,979 Main Street,Los Angeles,NY,84509,Canada
519,Emily,Miller,emily.miller519@example.com,6933367692,145 Main Street,Phoenix,AZ,71521,USA
520,Michael,Smith,michael.smith520@example.com,7427279241,727 Main Street,Chicago,NY,81634,Canada
521,Sophia,Miller,sophia.miller521@example.com,1128072859,146 Main Street,Phoenix,AZ,68370,UK
522,Jane,Davis,jane.davis522@example.com,2336627763,695 Main Street,Houston,TX,93347,Australia
523,Emily,Brown,emily.brown523@example.com,3644750985,759 Main Street,Los Angeles,IL,92421,USA
524,John,Davis,john.davis524@example.com,3682812291,188 Main Street,Phoenix,TX,87871,UK
525,Michael,Miller,michael.miller525@example.com,7463853669,308 Main Street,Chicago,AZ,43362,Canada
526,Emily,Jones,emily.jones526@example.com,5825980487,706 Main Street,Los Angeles,IL,69313,UK
527,Sophia,Johnson,sophia.johnson527@example.com,2858967987,908 Main Street,Los Angeles,TX,29775,Australia
528,Emily,Jones,emily.jones528@example.com,3549908859,810 Main Street,Phoenix,TX,35936,USA
529,Jane,Rodriguez,jane.rodriguez529@example.com,1752237435,576 Main Street,New York,TX,48342,USA
530,Daniel,Williams,daniel.williams530@example.com,6561782660,329 Main Street,Los Angeles,NY,66255,UK
531,John,Miller,john.miller531@example.com,8294872139,800 Main Street,Chicago,NY,48735,Germany
532,Olivia,Jones,olivia.jones532@example.com,4963890313,538 Main Street,Chicago,CA,88459,USA
533,David,Martinez,david.martinez533@example.com,9732952043,611 Main Street,Phoenix,IL,35442,Australia
534,Robert,Garcia,robert.garcia534@example.com,4134173838,469 Main Street,Houston,TX,92075,Canada
535,David,Johnson,david.johnson535@example.com,6766491879,488 Main Street,Los Angeles,IL,24481,Germany
536,Emily,Brown,emily.brown536@example.com,7863608489,663 Main Street,Chicago,TX,71977,Canada
537,John,Martinez,john.martinez537@example.com,5011302592,714 Main Street,Phoenix,TX,52048,UK
538,Robert,Brown,robert.brown538@example.com,2450659149,833 Main Street,New York,NY,75897,UK
539,David,Williams,david.williams539@example.com,6707749353,224 Main Street,New York,AZ,20825,Germany
540,Robert,Rodriguez,robert.rodriguez540@example.com,4433308415,177 Main Street,New York,CA,13257,USA
541,John,Garcia,john.garcia541@example.com,6329456765,75 Main Street,New York,TX,34032,Canada
542,Michael,Smith,michael.smith542@example.com,4547918229,560 Main Street,Phoenix,AZ,73370,UK
543,David,Brown,david.brown543@example.com,1278690964,780 Main Street,Los Angeles,IL,87681,Australia
544,Olivia,Smith,olivia.smith544@example.com,4962032243,732 Main Street,Los Angeles,NY,22313,Australia
545,David,Smith,david.smith545@example.com,7190022477,485 Main Street,Chicago,TX,92221,UK
546,Sophia,Martinez,sophia.martinez546@example.com,7471645077,359 Main Street,Los Angeles,AZ,65814,Canada
547,Daniel,Johnson,daniel.johnson547@example.com,9911659544,783 Main Street,Los Angeles,CA,70226,Canada
548,Robert,Jones,robert.jones548@example.com,4678759528,716 Main Street,Los Angeles,AZ,43729,Germany
549,Daniel,Johnson,daniel.johnson549@example.com,3191783540,802 Main Street,Phoenix,AZ,20525,Germany
550,Michael,Garcia,michael.garcia550@example.com,8610085033,593 Main Street,New York,TX,82120,Australia
551,Emma,Brown,emma.brown551@example.com,4800171959,585 Main Street,New York,AZ,15021,USA
552,John,Smith,john.smith552@example.com,7629876457,641 Main Street,Phoenix,AZ,70053,Australia
553,Jane,Smith,jane.smith553@example.com,2305408195,43 Main Street,Chicago,TX,30962,Australia
554,Sophia,Davis,sophia.davis554@example.com,4737565789,959 Main Street,Houston,IL,27100,Australia
555,Emma,Rodriguez,emma.rodriguez555@example.com,2099640824,971 Main Street,New York,TX,19336,Canada
556,Michael,Davis,michael.davis556@example.com,9445073450,18 Main Street,New York,NY,24005,Germany
557,Sophia,Garcia,sophia.garcia557@example.com,6051300836,93 Main Street,Houston,CA,31147,Germany
558,Emily,Smith,emily.smith558@example.com,6759276496,84 Main Street,Chicago,IL,41482,Canada
559,John,Williams,john.williams559@example.com,5395325881,163 Main Street,Chicago,AZ,77546,USA
560,Olivia,Williams,olivia.williams560@example.com,4799787697,361 Main Street,Phoenix,CA,89777,Canada
561,John,Williams,john.williams561@example.com,4811096408,702 Main Street,Chicago,CA,98311,Germany
562,Robert,Martinez,robert.martinez562@example.com,1863785650,46 Main Street,Chicago,CA,97040,Germany
563,Sophia,Rodriguez,sophia.rodriguez563@example.com,5870619833,638 Main Street,New York,AZ,80709,UK
564,Michael,Martinez,michael.martinez564@example.com,9063444689,261 Main Street,Houston,NY,57772,UK
565,John,Rodriguez,john.rodriguez565@example.com,1951971355,592 Main Street,Los Angeles,CA,97058,USA
566,Robert,Williams,robert.williams566@example.com,6322590237,574 Main Street,Chicago,IL,64368,Germany
567,David,Williams,david.williams567@example.com,3734837771,746 Main Street,Houston,CA,77856,Australia
568,Emma,Martinez,emma.martinez568@example.com,1400781209,411 Main Street,Houston,CA,27670,USA
569,Olivia,Garcia,olivia.garcia569@example.com,2432928356,17 Main Street,Phoenix,AZ,12506,UK
570,Daniel,Garcia,daniel.garcia570@example.com,5326036102,480 Main Street,Houston,TX,60095,UK
571,Robert,Williams,robert.williams571@example.com,2239976840,23 Main Street,Houston,TX,80334,Australia
572,Daniel,Davis,daniel.davis572@example.com,1826865053,393 Main Street,Los Angeles,TX,81730,Canada
573,Daniel,Johnson,daniel.johnson573@example.com,6271938597,359 Main Street,Chicago,AZ,44806,Canada
574,Emily,Smith,emily.smith574@example.com,8139002355,268 Main Street,Phoenix,IL,85689,USA
575,John,Miller,john.miller575@example.com,4879495888,69 Main Street,Houston,CA,75496,UK
576,Emma,Martinez,emma.martinez576@example.com,1989337285,200 Main Street,Houston,AZ,24444,Australia
577,Emily,Martinez,emily.martinez577@example.com,4094897573,2 Main Street,Chicago,IL,51496,Germany
578,Daniel,Rodriguez,daniel.rodriguez578@example.com,9158075534,774 Main Street,Houston,AZ,28266,Canada
579,Sophia,Johnson,sophia.johnson579@example.com,5636149915,915 Main Street,Phoenix,NY,43362,Australia
580,Robert,Martinez,robert.martinez580@example.com,9448759506,453 Main Street,Phoenix,CA,57638,UK
581,Sophia,Davis,sophia.davis581@example.com,8547474926,753 Main Street,Los Angeles,IL,48944,UK
582,Emily,Miller,emily.miller582@example.com,6315107584,786 Main Street,Los Angeles,IL,64388,Germany
583,David,Jones,david.jones583@example.com,8959621082,762 Main Street,Chicago,IL,58114,Australia
584,Daniel,Brown,daniel.brown584@example.com,6443957926,62 Main Street,Los Angeles,CA,19800,Canada
585,Emma,Martinez,emma.martinez585@example.com,5236153267,207 Main Street,Phoenix,CA,55034,Germany
586,David,Rodriguez,david.rodriguez586@example.com,3538627770,156 Main Street,Houston,IL,62410,UK
587,Emily,Jones,emily.jones587@example.com,4679484059,30 Main Street,Houston,IL,46001,Canada
588,Daniel,Smith,daniel.smith588@example.com,3878350903,471 Main Street,Los Angeles,CA,99969,UK
589,Sophia,Davis,sophia.davis589@example.com,1865370285,824 Main Street,Houston,IL,23852,Canada
590,Emma,Jones,emma.jones590@example.com,3329203659,394 Main Street,Los Angeles,TX,23279,Canada
591,David,Davis,david.davis591@example.com,1724105423,115 Main Street,Houston,IL,34170,USA
592,Daniel,Brown,daniel.brown592@example.com,3959225200,877 Main Street,Chicago,NY,59963,Germany
593,Daniel,Martinez,daniel.martinez593@example.com,2814544238,151 Main Street,Chicago,CA,40068,UK
594,Jane,Garcia,jane.garcia594@example.com,9832347427,240 Main Street,Phoenix,CA,13072,USA
595,John,Martinez,john.martinez595@example.com,7272083078,695 Main Street,Chicago,AZ,34157,USA
596,Sophia,Smith,sophia.smith596@example.com,4336778592,183 Main Street,Phoenix,AZ,53327,Germany
597,John,Rodriguez,john.rodriguez597@example.com,4987023219,113 Main Street,Chicago,CA,78669,USA
598,Daniel,Smith,daniel.smith598@example.com,7634174388,972 Main Street,Houston,CA,80908,Germany
599,Robert,Smith,robert.smith599@example.com,5475152627,508 Main Street,Chicago,TX,30216,Germany
600,Sophia,Smith,sophia.smith600@example.com,1740142257,9 Main Street,Phoenix,IL,19059,Canada
601,Emma,Garcia,emma.garcia601@example.com,1555438139,278 Main Street,Chicago,TX,48111,Australia
602,Emily,Davis,emily.davis602@example.com,6825943654,93 Main Street,Chicago,NY,79562,Australia
603,Emma,Rodriguez,emma.rodriguez603@example.com,7633083023,41 Main Street,Phoenix,NY,71298,Germany
604,David,Brown,david.brown604@example.com,3180635954,163 Main Street,Phoenix,IL,90226,UK
605,Robert,Davis,robert.davis605@example.com,8514542532,97 Main Street,Chicago,CA,39301,UK
606,Michael,Johnson,michael.johnson606@example.com,3865871037,145 Main Street,Phoenix,AZ,38314,Australia
607,Daniel,Miller,daniel.miller607@example.com,4396231904,211 Main Street,Chicago,IL,18589,Australia
608,John,Garcia,john.garcia608@example.com,4839583869,652 Main Street,Los Angeles,AZ,61324,UK
609,Olivia,Johnson,olivia.johnson609@example.com,8162572507,645 Main Street,Los Angeles,CA,90480,UK
610,Emily,Martinez,emily.martinez610@example.com,8328576272,169 Main Street,Chicago,AZ,96771,Germany
611,Emma,Brown,emma.brown611@example.com,1980323158,447 Main Street,Houston,CA,56652,Australia
612,Emma,Davis,emma.davis612@example.com,9761625158,54 Main Street,Houston,TX,48471,Germany
613,Jane,Garcia,jane.garcia613@example.com,5976587040,60 Main Street,Houston,NY,55643,UK
614,Emma,Jones,emma.jones614@example.com,9636761619,340 Main Street,Chicago,IL,37476,Australia
615,Jane,Brown,jane.brown615@example.com,7734197793,366 Main Street,Chicago,IL,23931,UK
616,John,Brown,john.brown616@example.com,9807815453,105 Main Street,Los Angeles,CA,70113,UK
617,Emma,Rodriguez,emma.rodriguez617@example.com,4584270137,128 Main Street,Phoenix,IL,88088,UK
618,Sophia,Williams,sophia.williams618@example.com,3673229165,998 Main Street,Chicago,CA,92505,USA
619,Emma,Martinez,emma.martinez619@example.com,9648648121,268 Main Street,Los Angeles,AZ,89564,Germany
620,Michael,Rodriguez,michael.rodriguez620@example.com,8410967260,265 Main Street,Los Angeles,NY,88908,Germany
621,John,Smith,john.smith621@example.com,3770954554,32 Main Street,Phoenix,TX,14214,UK
622,Olivia,Jones,olivia.jones622@example.com,7621225763,87 Main Street,Phoenix,NY,64821,Australia
623,John,Smith,john.smith623@example.com,3405214324,788 Main Street,Chicago,AZ,65026,Australia
624,Sophia,Williams,sophia.williams624@example.com,7806283482,678 Main Street,Los Angeles,NY,70140,Canada
625,Robert,Martinez,robert.martinez625@example.com,9319622362,295 Main Street,Houston,TX,69783,USA
626,John,Williams,john.williams626@example.com,3734050416,122 Main Street,Phoenix,TX,86652,Canada
627,John,Martinez,john.martinez627@example.com,3984770367,993 Main Street,Los Angeles,CA,61760,UK
628,Emma,Rodriguez,emma.rodriguez628@example.com,8741256180,467 Main Street,Chicago,CA,84647,USA
629,Emma,Jones,emma.jones629@example.com,8175376499,758 Main Street,Chicago,IL,29932,USA
630,David,Brown,david.brown630@example.com,9361708162,713 Main Street,Los Angeles,AZ,78088,UK
631,Robert,Jones,robert.jones631@example.com,5160427018,467 Main Street,Chicago,TX,38193,Germany
632,Emma,Brown,emma.brown632@example.com,9971053860,413 Main Street,Houston,IL,86973,USA
633,John,Johnson,john.johnson633@example.com,1641908314,403 Main Street,New York,AZ,84887,UK
634,Sophia,Davis,sophia.davis634@example.com,6838409310,608 Main Street,Los Angeles,TX,97365,UK
635,Emma,Miller,emma.miller635@example.com,8318702851,511 Main Street,Los Angeles,CA,79328,Canada
636,David,Garcia,david.garcia636@example.com,9149437511,576 Main Street,Houston,TX,18747,UK
637,Olivia,Williams,olivia.williams637@example.com,8602749543,579 Main Street,Phoenix,AZ,12522,Canada
638,David,Johnson,david.johnson638@example.com,3303145981,448 Main Street,Chicago,CA,34910,Germany
639,Sophia,Rodriguez,sophia.rodriguez639@example.com,9711943525,968 Main Street,Houston,NY,38655,USA
640,David,Martinez,david.martinez640@example.com,8207905574,356 Main Street,Houston,TX,28535,Australia
641,Robert,Jones,robert.jones641@example.com,7254113368,68 Main Street,Los Angeles,TX,98127,USA
642,Emma,Jones,emma.jones642@example.com,4205690160,401 Main Street,Houston,CA,16446,Germany
643,Emma,Rodriguez,emma.rodriguez643@example.com,5800889150,553 Main Street,Phoenix,IL,11395,Australia
644,David,Jones,david.jones644@example.com,5347983880,555 Main Street,Los Angeles,AZ,42722,USA
645,Emily,Miller,emily.miller645@example.com,5504086624,650 Main Street,Phoenix,IL,21475,Germany
646,Olivia,Johnson,olivia.johnson646@example.com,1152046803,88 Main Street,Phoenix,IL,86855,Germany
647,John,Martinez,john.martinez647@example.com,6447680889,212 Main Street,Los Angeles,AZ,28816,UK
648,Emily,Jones,emily.jones648@example.com,7975677270,723 Main Street,Phoenix,NY,63878,Canada
649,Emma,Martinez,emma.martinez649@example.com,5643481357,954 Main Street,Chicago,AZ,92680,UK
650,David,Miller,david.miller650@example.com,1412300183,463 Main Street,Chicago,IL,19067,Germany
651,Daniel,Davis,daniel.davis651@example.com,4246951671,428 Main Street,Phoenix,CA,10989,UK
652,Olivia,Williams,olivia.williams652@example.com,4333850365,916 Main Street,Chicago,NY,51149,Australia
653,Jane,Miller,jane.miller653@example.com,2360229268,539 Main Street,Houston,IL,12939,Canada
654,Emma,Johnson,emma.johnson654@example.com,6080745304,628 Main Street,Houston,NY,24618,UK
655,Michael,Miller,michael.miller655@example.com,9811958257,676 Main Street,Los Angeles,AZ,19103,UK
656,John,Martinez,john.martinez656@example.com,3347988452,512 Main Street,Los Angeles,TX,22874,Canada
657,Emily,Garcia,emily.garcia657@example.com,3955854946,483 Main Street,Los Angeles,CA,69250,Australia
658,David,Williams,david.williams658@example.com,2206631926,180 Main Street,Chicago,NY,43383,Canada
659,Emma,Jones,emma.jones659@example.com,9381284714,781 Main Street,Chicago,CA,36208,UK
660,Olivia,Rodriguez,olivia.rodriguez660@example.com,1011662721,570 Main Street,New York,IL,24919,Germany
661,Jane,Brown,jane.brown661@example.com,2687329982,948 Main Street,Phoenix,TX,41241,USA
662,David,Miller,david.miller662@example.com,7579649794,931 Main Street,Houston,AZ,37502,UK
663,Robert,Smith,robert.smith663@example.com,7598129535,955 Main Street,Los Angeles,NY,20121,Canada
664,Robert,Rodriguez,robert.rodriguez664@example.com,2035987211,549 Main Street,Chicago,IL,36061,UK
665,Emma,Garcia,emma.garcia665@example.com,8859275023,364 Main Street,Los Angeles,NY,57439,Canada
666,Jane,Brown,jane.brown666@example.com,7899627294,509 Main Street,Phoenix,TX,54425,Australia
667,Sophia,Williams,sophia.williams667@example.com,6262524321,267 Main Street,New York,AZ,30361,Australia
668,Michael,Smith,michael.smith668@example.com,7475741582,545 Main Street,Phoenix,TX,96567,UK
669,Robert,Johnson,robert.johnson669@example.com,7988232199,752 Main Street,Houston,NY,70829,Germany
670,Daniel,Brown,daniel.brown670@example.com,1279726415,25 Main Street,Houston,AZ,49565,Australia
671,Olivia,Rodriguez,olivia.rodriguez671@example.com,5665925632,810 Main Street,Houston,IL,22762,USA
672,Emma,Miller,emma.miller672@example.com,7446972389,7 Main Street,Houston,TX,57688,Canada
673,Sophia,Williams,sophia.williams673@example.com,2894769462,790 Main Street,Houston,NY,75774,Canada
674,Sophia,Jones,sophia.jones674@example.com,8179818864,522 Main Street,New York,TX,73077,UK
675,Olivia,Jones,olivia.jones675@example.com,2600342332,328 Main Street,Chicago,NY,95093,Australia
676,John,Rodriguez,john.rodriguez676@example.com,5095143374,773 Main Street,Phoenix,NY,82342,USA
677,Robert,Williams,robert.williams677@example.com,1339317698,597 Main Street,Phoenix,IL,67447,UK
678,Daniel,Jones,daniel.jones678@example.com,3584035415,958 Main Street,Phoenix,IL,14411,Australia
679,Robert,Brown,robert.brown679@example.com,1944932554,500 Main Street,Houston,NY,41195,Germany
680,Robert,Smith,robert.smith680@example.com,1041640270,971 Main Street,Los Angeles,CA,15731,USA
681,Robert,Miller,robert.miller681@example.com,2975815836,315 Main Street,Chicago,IL,59889,USA
682,Sophia,Brown,sophia.brown682@example.com,3338583184,950 Main Street,New York,IL,61747,Germany
683,Daniel,Jones,daniel.jones683@example.com,5538233970,982 Main Street,Los Angeles,TX,95594,Australia
684,Emily,Williams,emily.williams684@example.com,9056749106,65 Main Street,Phoenix,TX,43785,Germany
685,Olivia,Martinez,olivia.martinez685@example.com,6102079397,484 Main Street,Houston,IL,85541,Australia
686,David,Davis,david.davis686@example.com,4191031470,966 Main Street,Phoenix,TX,89277,Canada
687,David,Davis,david.davis687@example.com,6243220993,48 Main Street,Houston,TX,15052,USA
688,Michael,Williams,michael.williams688@example.com,5085453664,680 Main Street,Chicago,NY,77833,USA
689,Michael,Garcia,michael.garcia689@example.com,8465725678,395 Main Street,Phoenix,NY,36271,Australia
690,Sophia,Miller,sophia.miller690@example.com,5518987152,527 Main Street,Los Angeles,CA,30310,Germany
691,Michael,Garcia,michael.garcia691@example.com,9228892604,256 Main Street,Houston,NY,18074,Canada
692,John,Martinez,john.martinez692@example.com,5853168257,940 Main Street,Chicago,NY,96940,Germany
693,Sophia,Miller,sophia.miller693@example.com,5441440339,686 Main Street,Chicago,IL,23160,Canada
694,Sophia,Brown,sophia.brown694@example.com,5780554344,773 Main Street,Houston,TX,29404,Australia
695,Olivia,Johnson,olivia.johnson695@example.com,4169533519,503 Main Street,Los Angeles,TX,41865,UK
696,Robert,Davis,robert.davis696@example.com,2392851181,589 Main Street,Los Angeles,CA,57228,Canada
697,Robert,Garcia,robert.garcia697@example.com,7200700391,81 Main Street,Phoenix,CA,92106,USA
698,Robert,Jones,robert.jones698@example.com,3547736875,166 Main Street,Los Angeles,IL,23621,UK
699,Olivia,Martinez,olivia.martinez699@example.com,5196130932,693 Main Street,Phoenix,CA,27029,Germany
700,Emma,Martinez,emma.martinez700@example.com,2448564237,855 Main Street,Chicago,IL,10972,UK
701,Michael,Brown,michael.brown701@example.com,1482973349,650 Main Street,Phoenix,IL,14896,USA
702,Daniel,Davis,daniel.davis702@example.com,7263538838,900 Main Street,New York,IL,56004,Australia
703,Robert,Jones,robert.jones703@example.com,6404277490,871 Main Street,Los Angeles,AZ,35271,Australia
704,Michael,Martinez,michael.martinez704@example.com,7843152331,505 Main Street,Los Angeles,CA,37709,UK
705,Jane,Martinez,jane.martinez705@example.com,7234737780,893 Main Street,Phoenix,CA,39003,UK
706,Sophia,Jones,sophia.jones706@example.com,5261109598,99 Main Street,Phoenix,IL,99803,UK
707,Robert,Williams,robert.williams707@example.com,3865263421,532 Main Street,Los Angeles,TX,77454,Canada
708,John,Jones,john.jones708@example.com,2010475638,786 Main Street,Chicago,TX,31625,Australia
709,David,Smith,david.smith709@example.com,4361878971,367 Main Street,Los Angeles,CA,84951,USA
710,Robert,Rodriguez,robert.rodriguez710@example.com,3573443798,976 Main Street,New York,TX,11324,Australia
711,Sophia,Smith,sophia.smith711@example.com,6810734009,403 Main Street,Los Angeles,NY,79588,USA
712,Sophia,Martinez,sophia.martinez712@example.com,3792493451,454 Main Street,Los Angeles,IL,32289,UK
713,Daniel,Johnson,daniel.johnson713@example.com,3936443381,985 Main Street,Houston,CA,80100,USA
714,John,Miller,john.miller714@example.com,3728441132,586 Main Street,Chicago,IL,11467,Canada
715,David,Williams,david.williams715@example.com,2790830044,988 Main Street,New York,IL,95208,Australia
716,Olivia,Johnson,olivia.johnson716@example.com,1800535683,291 Main Street,Los Angeles,CA,21754,UK
717,Sophia,Brown,sophia.brown717@example.com,1195896317,684 Main Street,Los Angeles,TX,55835,USA
718,Robert,Smith,robert.smith718@example.com,3478768791,671 Main Street,Phoenix,TX,69934,USA
719,Emily,Davis,emily.davis719@example.com,8253004230,278 Main Street,Houston,TX,20461,Australia
720,John,Martinez,john.martinez720@example.com,6282916417,40 Main Street,Houston,IL,69250,Germany
721,Sophia,Davis,sophia.davis721@example.com,1288338831,187 Main Street,Chicago,IL,49502,UK
722,Daniel,Garcia,daniel.garcia722@example.com,6331321111,623 Main Street,Los Angeles,AZ,63681,Germany
723,Olivia,Johnson,olivia.johnson723@example.com,6886035228,308 Main Street,Phoenix,NY,27293,USA
724,Emily,Jones,emily.jones724@example.com,3627693647,676 Main Street,Houston,NY,13411,Australia
725,Olivia,Johnson,olivia.johnson725@example.com,3658467194,73 Main Street,Los Angeles,CA,28324,Germany
726,Daniel,Williams,daniel.williams726@example.com,8580984784,302 Main Street,New York,CA,45679,Australia
727,Olivia,Martinez,olivia.martinez727@example.com,5996366995,587 Main Street,New York,CA,72527,Germany
728,Jane,Rodriguez,jane.rodriguez728@example.com,2400757058,46 Main Street,Phoenix,NY,78677,Canada
729,Robert,Martinez,robert.martinez729@example.com,6892852252,440 Main Street,Houston,AZ,60289,Canada
730,Sophia,Smith,sophia.smith730@example.com,9182317449,257 Main Street,Houston,IL,47707,Australia
731,Michael,Garcia,michael.garcia731@example.com,6930220883,833 Main Street,Los Angeles,NY,41782,Germany
732,Sophia,Garcia,sophia.garcia732@example.com,8104616684,413 Main Street,New York,IL,54756,USA
733,Emma,Garcia,emma.garcia733@example.com,2596597304,69 Main Street,Phoenix,CA,10792,Australia
734,John,Jones,john.jones734@example.com,3782774440,868 Main Street,Chicago,TX,95524,UK
735,Daniel,Martinez,daniel.martinez735@example.com,5429129267,878 Main Street,Houston,NY,22120,Germany
736,David,Brown,david.brown736@example.com,4411124852,203 Main Street,Los Angeles,IL,53700,Germany
737,John,Williams,john.williams737@example.com,8530617368,469 Main Street,New York,CA,10846,Australia
738,John,Johnson,john.johnson738@example.com,6261393176,184 Main Street,Phoenix,IL,37948,Germany
739,Robert,Jones,robert.jones739@example.com,9665258925,246 Main Street,Chicago,CA,63951,USA
740,Sophia,Brown,sophia.brown740@example.com,6807035116,899 Main Street,Phoenix,TX,55815,Germany
741,Emma,Jones,emma.jones741@example.com,7190789087,366 Main Street,Phoenix,CA,60440,USA
742,Daniel,Martinez,daniel.martinez742@example.com,5821664035,316 Main Street,Chicago,TX,61702,Germany
743,Olivia,Miller,olivia.miller743@example.com,3607991742,851 Main Street,Chicago,CA,24719,UK
744,Sophia,Martinez,sophia.martinez744@example.com,1400176683,984 Main Street,Los Angeles,TX,66979,Germany
745,Michael,Smith,michael.smith745@example.com,5411050565,765 Main Street,Los Angeles,NY,74589,Germany
746,Daniel,Rodriguez,daniel.rodriguez746@example.com,8068954077,383 Main Street,Phoenix,AZ,84787,Canada
747,Jane,Johnson,jane.johnson747@example.com,8069542548,470 Main Street,Los Angeles,CA,34847,Australia
748,Robert,Brown,robert.brown748@example.com,9202327010,272 Main Street,Phoenix,AZ,91454,Australia
749,Emma,Brown,emma.brown749@example.com,9562941270,428 Main Street,Chicago,AZ,97180,Germany
750,Michael,Brown,michael.brown750@example.com,8763688232,184 Main Street,Chicago,TX,36414,UK
751,Emma,Davis,emma.davis751@example.com,7324309828,773 Main Street,Los Angeles,AZ,21315,UK
752,Robert,Johnson,robert.johnson752@example.com,8240756446,964 Main Street,Chicago,NY,41040,Australia
753,Emily,Williams,emily.williams753@example.com,6801763588,615 Main Street,New York,TX,51256,Germany
754,Olivia,Martinez,olivia.martinez754@example.com,6215507420,776 Main Street,Houston,IL,26287,Canada
755,Robert,Martinez,robert.martinez755@example.com,2761407928,378 Main Street,Houston,IL,31388,Australia
756,Robert,Smith,robert.smith756@example.com,2476674057,155 Main Street,Phoenix,IL,46215,Australia
757,Emily,Johnson,emily.johnson757@example.com,8541276573,14 Main Street,New York,CA,44483,UK
758,Sophia,Davis,sophia.davis758@example.com,1298532008,304 Main Street,Los Angeles,NY,98832,Germany
759,Jane,Davis,jane.davis759@example.com,9073431946,866 Main Street,Houston,AZ,11502,Germany
760,Robert,Rodriguez,robert.rodriguez760@example.com,8556087966,590 Main Street,New York,CA,48483,Canada
761,Jane,Brown,jane.brown761@example.com,8639506311,304 Main Street,Chicago,CA,78021,USA
762,Daniel,Rodriguez,daniel.rodriguez762@example.com,4247765756,440 Main Street,Chicago,TX,36872,UK
763,Sophia,Miller,sophia.miller763@example.com,8567731700,379 Main Street,Houston,NY,43556,USA
764,John,Smith,john.smith764@example.com,6985250429,861 Main Street,New York,TX,10624,Australia
765,Michael,Williams,michael.williams765@example.com,2447513943,630 Main Street,Chicago,CA,21586,Canada
766,David,Martinez,david.martinez766@example.com,3104465941,523 Main Street,New York,CA,35516,Germany
767,Jane,Brown,jane.brown767@example.com,3690125288,677 Main Street,Phoenix,IL,73287,Canada
768,Robert,Smith,robert.smith768@example.com,5996514808,823 Main Street,Phoenix,IL,24813,USA
769,Olivia,Davis,olivia.davis769@example.com,3474147957,424 Main Street,Los Angeles,CA,30481,USA
770,Daniel,Williams,daniel.williams770@example.com,4958326220,497 Main Street,Houston,CA,73986,Germany
771,Emma,Miller,emma.miller771@example.com,9471258386,674 Main Street,Chicago,NY,50101,Australia
772,Robert,Martinez,robert.martinez772@example.com,8276532509,801 Main Street,Chicago,CA,24502,Australia
773,Daniel,Brown,daniel.brown773@example.com,8760368527,495 Main Street,New York,TX,14815,Canada
774,Robert,Miller,robert.miller774@example.com,8788400979,914 Main Street,Chicago,IL,20985,Germany
775,Sophia,Williams,sophia.williams775@example.com,8335662367,909 Main Street,Phoenix,AZ,59452,Canada
776,Michael,Jones,michael.jones776@example.com,5668408443,465 Main Street,Houston,IL,69369,Germany
777,David,Martinez,david.martinez777@example.com,4104883092,788 Main Street,Los Angeles,CA,65055,Canada
778,Sophia,Garcia,sophia.garcia778@example.com,2429160905,441 Main Street,New York,TX,78157,Canada
779,Sophia,Davis,sophia.davis779@example.com,9243573819,279 Main Street,New York,CA,34775,USA
780,Sophia,Garcia,sophia.garcia780@example.com,5754184693,334 Main Street,Houston,NY,99815,USA
781,Emma,Martinez,emma.martinez781@example.com,5850292982,646 Main Street,Chicago,TX,40136,UK
782,Emma,Miller,emma.miller782@example.com,1231022615,683 Main Street,Chicago,CA,83897,Australia
783,Emma,Rodriguez,emma.rodriguez783@example.com,4607049421,165 Main Street,Los Angeles,NY,97063,Germany
784,John,Martinez,john.martinez784@example.com,5867625317,768 Main Street,Chicago,NY,34956,Australia
785,Robert,Smith,robert.smith785@example.com,7129606319,192 Main Street,Houston,AZ,90432,Germany
786,Olivia,Davis,olivia.davis786@example.com,2763842806,606 Main Street,New York,AZ,78126,Australia
787,Sophia,Martinez,sophia.martinez787@example.com,4342624124,880 Main Street,New York,IL,14379,Australia
788,David,Brown,david.brown788@example.com,8981057151,860 Main Street,New York,IL,46448,UK
789,Jane,Johnson,jane.johnson789@example.com,7461427486,570 Main Street,Chicago,NY,47901,USA
790,David,Brown,david.brown790@example.com,6976920273,805 Main Street,Phoenix,NY,46774,UK
791,David,Rodriguez,david.rodriguez791@example.com,9120391888,9 Main Street,New York,NY,13305,Australia
792,Emily,Miller,emily.miller792@example.com,7818808608,809 Main Street,Los Angeles,TX,48059,Canada
793,Emma,Johnson,emma.johnson793@example.com,7603797818,404 Main Street,Los Angeles,AZ,16137,Australia
794,Emma,Garcia,emma.garcia794@example.com,2403970910,82 Main Street,Los Angeles,TX,89125,Germany
795,Robert,Garcia,robert.garcia795@example.com,8738385608,516 Main Street,New York,CA,96171,Australia
796,Emma,Williams,emma.williams796@example.com,5256005306,947 Main Street,Chicago,IL,36471,Canada
797,Michael,Davis,michael.davis797@example.com,2733376461,828 Main Street,Chicago,TX,19377,Germany
798,Sophia,Miller,sophia.miller798@example.com,1034773686,804 Main Street,Chicago,CA,58221,Canada
799,Michael,Johnson,michael.johnson799@example.com,4750811305,748 Main Street,Los Angeles,NY,48402,Canada
800,Robert,Smith,robert.smith800@example.com,6153667636,364 Main Street,Phoenix,TX,14707,USA
801,Michael,Brown,michael.brown801@example.com,2436653535,560 Main Street,Houston,IL,63094,UK
802,Olivia,Brown,olivia.brown802@example.com,2570560297,845 Main Street,Houston,TX,51448,Canada
803,Emma,Jones,emma.jones803@example.com,6418665586,114 Main Street,Houston,NY,33724,Germany
804,Olivia,Davis,olivia.davis804@example.com,2239969053,388 Main Street,Phoenix,TX,40294,UK
805,Jane,Rodriguez,jane.rodriguez805@example.com,2170665174,566 Main Street,New York,AZ,24481,Australia
806,Michael,Brown,michael.brown806@example.com,4851198300,222 Main Street,Houston,TX,99748,Germany
807,Emily,Miller,emily.miller807@example.com,8182012590,148 Main Street,New York,AZ,66791,Canada
808,John,Rodriguez,john.rodriguez808@example.com,7634875052,29 Main Street,New York,IL,71950,UK
809,Emma,Jones,emma.jones809@example.com,3088047516,125 Main Street,Houston,AZ,62049,Canada
810,Jane,Davis,jane.davis810@example.com,3232949445,221 Main Street,Phoenix,AZ,24210,Canada
811,Jane,Jones,jane.jones811@example.com,6853611216,716 Main Street,Los Angeles,NY,92528,UK
812,Robert,Rodriguez,robert.rodriguez812@example.com,5801524351,373 Main Street,Chicago,CA,91198,USA
813,Emily,Garcia,emily.garcia813@example.com,2138509923,807 Main Street,New York,CA,10528,USA
814,Michael,Rodriguez,michael.rodriguez814@example.com,1442818465,322 Main Street,Phoenix,CA,62654,Australia
815,Emma,Brown,emma.brown815@example.com,7275981822,513 Main Street,New York,TX,85395,Germany
816,Robert,Smith,robert.smith816@example.com,5906951006,883 Main Street,Houston,IL,57360,USA
817,Olivia,Brown,olivia.brown817@example.com,7191430481,389 Main Street,New York,CA,48624,Canada
818,Daniel,Williams,daniel.williams818@example.com,5612482424,58 Main Street,Los Angeles,IL,19236,Canada
819,David,Martinez,david.martinez819@example.com,3881515371,245 Main Street,Houston,CA,85784,Canada
820,David,Johnson,david.johnson820@example.com,6126504003,352 Main Street,Chicago,IL,28741,UK
821,John,Miller,john.miller821@example.com,8692262953,325 Main Street,Los Angeles,NY,15584,UK
822,David,Martinez,david.martinez822@example.com,7109686825,505 Main Street,Phoenix,NY,91010,USA
823,John,Garcia,john.garcia823@example.com,4329887246,938 Main Street,Phoenix,NY,91276,USA
824,David,Davis,david.davis824@example.com,1809476870,868 Main Street,Houston,TX,20957,UK
825,Robert,Johnson,robert.johnson825@example.com,8702054695,308 Main Street,Chicago,NY,82080,Canada
826,Emma,Brown,emma.brown826@example.com,4126021111,967 Main Street,Los Angeles,NY,63579,Australia
827,Emma,Davis,emma.davis827@example.com,1847197119,177 Main Street,Phoenix,CA,99371,UK
828,Emily,Williams,emily.williams828@example.com,7534839188,385 Main Street,Chicago,TX,62734,USA
829,Jane,Jones,jane.jones829@example.com,2661951930,292 Main Street,Phoenix,CA,97095,Germany
830,Robert,Martinez,robert.martinez830@example.com,6748948296,823 Main Street,Phoenix,IL,14870,USA
831,Robert,Miller,robert.miller831@example.com,9454731844,68 Main Street,Los Angeles,AZ,82442,USA
832,David,Smith,david.smith832@example.com,4167901756,639 Main Street,Phoenix,AZ,39009,Australia
833,Emma,Williams,emma.williams833@example.com,3109009158,961 Main Street,New York,AZ,32521,USA
834,Emily,Rodriguez,emily.rodriguez834@example.com,9538797248,200 Main Street,Phoenix,NY,86846,Canada
835,John,Brown,john.brown835@example.com,2854877722,476 Main Street,Chicago,TX,63573,USA
836,Emma,Johnson,emma.johnson836@example.com,4320775914,517 Main Street,New York,CA,50699,USA
837,David,Martinez,david.martinez837@example.com,5295627636,260 Main Street,New York,AZ,23217,Germany
838,Daniel,Garcia,daniel.garcia838@example.com,3667154129,281 Main Street,Los Angeles,CA,78428,UK
839,Robert,Davis,robert.davis839@example.com,1170625843,847 Main Street,New York,NY,28789,Australia
840,Sophia,Jones,sophia.jones840@example.com,1841216183,363 Main Street,Los Angeles,TX,87973,USA
841,Michael,Jones,michael.jones841@example.com,7145662677,946 Main Street,Phoenix,AZ,63977,Australia
842,David,Jones,david.jones842@example.com,9778774029,796 Main Street,Phoenix,CA,53780,Canada
843,Jane,Rodriguez,jane.rodriguez843@example.com,9665251228,766 Main Street,Los Angeles,CA,80681,Germany
844,David,Garcia,david.garcia844@example.com,7544170584,939 Main Street,Chicago,NY,37149,Canada
845,Robert,Rodriguez,robert.rodriguez845@example.com,7153972911,225 Main Street,Los Angeles,NY,40691,USA
846,David,Rodriguez,david.rodriguez846@example.com,2687600472,913 Main Street,Los Angeles,AZ,82870,UK
847,Michael,Smith,michael.smith847@example.com,6986283505,157 Main Street,Phoenix,NY,61972,Australia
848,Emma,Miller,emma.miller848@example.com,3210064185,293 Main Street,Chicago,TX,79216,Canada
849,David,Williams,david.williams849@example.com,3070234155,46 Main Street,Phoenix,IL,87656,USA
850,Jane,Rodriguez,jane.rodriguez850@example.com,1844155757,547 Main Street,Phoenix,AZ,17924,USA
851,Jane,Garcia,jane.garcia851@example.com,6612997560,345 Main Street,Los Angeles,AZ,39905,UK
852,Jane,Smith,jane.smith852@example.com,3044878947,99 Main Street,Chicago,NY,15671,USA
853,Emma,Rodriguez,emma.rodriguez853@example.com,9345862518,417 Main Street,Los Angeles,IL,69149,Australia
854,Emily,Jones,emily.jones854@example.com,6902798064,564 Main Street,Chicago,IL,97123,USA
855,Jane,Miller,jane.miller855@example.com,8951365596,259 Main Street,Houston,CA,79098,Australia
856,Robert,Garcia,robert.garcia856@example.com,2353628381,765 Main Street,Phoenix,IL,89080,USA
857,Robert,Jones,robert.jones857@example.com,6592469010,922 Main Street,New York,NY,30446,Germany
858,Sophia,Smith,sophia.smith858@example.com,4287983222,189 Main Street,Houston,NY,81572,Germany
859,Sophia,Jones,sophia.jones859@example.com,9508958675,120 Main Street,Los Angeles,TX,38960,Germany
860,John,Jones,john.jones860@example.com,3010918560,828 Main Street,Los Angeles,NY,88516,Germany
861,Daniel,Smith,daniel.smith861@example.com,8779378535,116 Main Street,Los Angeles,IL,91050,Canada
862,John,Miller,john.miller862@example.com,2291849192,755 Main Street,New York,AZ,44270,Australia
863,Robert,Johnson,robert.johnson863@example.com,4016959506,396 Main Street,New York,IL,47604,Canada
864,Robert,Rodriguez,robert.rodriguez864@example.com,7729977861,903 Main Street,New York,NY,79659,Germany
865,Jane,Miller,jane.miller865@example.com,9602230078,95 Main Street,Houston,CA,75801,Canada
866,Daniel,Smith,daniel.smith866@example.com,4596502358,866 Main Street,Houston,NY,93702,Germany
867,Michael,Williams,michael.williams867@example.com,1818903817,779 Main Street,Los Angeles,TX,56037,USA
868,Sophia,Brown,sophia.brown868@example.com,5777199734,784 Main Street,Chicago,AZ,73537,Canada
869,Daniel,Williams,daniel.williams869@example.com,1348799785,64 Main Street,Houston,AZ,66209,Canada
870,Emily,Rodriguez,emily.rodriguez870@example.com,8248298310,346 Main Street,Phoenix,CA,26720,UK
871,Sophia,Johnson,sophia.johnson871@example.com,3617690314,241 Main Street,Chicago,IL,56005,Australia
872,Robert,Brown,robert.brown872@example.com,7993357324,424 Main Street,Chicago,TX,10985,Australia
873,Emma,Miller,emma.miller873@example.com,7229923068,627 Main Street,New York,TX,71333,USA
874,Daniel,Garcia,daniel.garcia874@example.com,9231291054,556 Main Street,Houston,NY,22342,Canada
875,Robert,Brown,robert.brown875@example.com,4843573858,244 Main Street,Houston,AZ,15013,Canada
876,Emily,Smith,emily.smith876@example.com,2060236684,516 Main Street,Los Angeles,IL,30335,UK
877,Robert,Brown,robert.brown877@example.com,9457254218,411 Main Street,Houston,AZ,68181,Australia
878,David,Brown,david.brown878@example.com,4583888353,167 Main Street,New York,AZ,78205,UK
879,Emma,Williams,emma.williams879@example.com,6813246628,552 Main Street,New York,CA,31475,Canada
880,Sophia,Johnson,sophia.johnson880@example.com,3118303977,664 Main Street,New York,IL,74562,UK
881,Emma,Rodriguez,emma.rodriguez881@example.com,1922917313,972 Main Street,Los Angeles,TX,74845,USA
882,Daniel,Brown,daniel.brown882@example.com,6260702389,48 Main Street,New York,TX,60006,Australia
883,Emily,Jones,emily.jones883@example.com,3628528774,725 Main Street,New York,IL,34336,Germany
884,David,Jones,david.jones884@example.com,9033816416,723 Main Street,Los Angeles,NY,26275,UK
885,Jane,Davis,jane.davis885@example.com,6572518588,677 Main Street,New York,NY,86044,Australia
886,Sophia,Johnson,sophia.johnson886@example.com,7840303225,317 Main Street,Phoenix,AZ,60341,UK
887,John,Rodriguez,john.rodriguez887@example.com,8748194885,798 Main Street,Phoenix,CA,90657,UK
888,Sophia,Smith,sophia.smith888@example.com,4517670938,16 Main Street,Los Angeles,CA,71828,UK
889,Emily,Johnson,emily.johnson889@example.com,2962739092,263 Main Street,Houston,IL,62193,Canada
890,Robert,Rodriguez,robert.rodriguez890@example.com,2663580602,870 Main Street,Chicago,TX,50119,USA
891,Jane,Jones,jane.jones891@example.com,2477919202,797 Main Street,Phoenix,AZ,52690,Canada
892,Jane,Miller,jane.miller892@example.com,3403068024,652 Main Street,Chicago,AZ,95250,USA
893,Michael,Martinez,michael.martinez893@example.com,3283833266,145 Main Street,Phoenix,CA,56097,Australia
894,Michael,Johnson,michael.johnson894@example.com,6983084546,838 Main Street,Los Angeles,AZ,68570,UK
895,Robert,Williams,robert.williams895@example.com,6076085492,43 Main Street,Los Angeles,AZ,55903,Canada
896,Sophia,Miller,sophia.miller896@example.com,4110064447,765 Main Street,New York,TX,72048,Germany
897,Emma,Rodriguez,emma.rodriguez897@example.com,1525782254,15 Main Street,Phoenix,CA,30604,Germany
898,Jane,Martinez,jane.martinez898@example.com,9843111362,715 Main Street,Los Angeles,AZ,63206,UK
899,Daniel,Williams,daniel.williams899@example.com,2965569409,464 Main Street,New York,AZ,35745,Australia
900,John,Smith,john.smith900@example.com,1391512297,588 Main Street,Houston,TX,49617,Australia
901,Olivia,Garcia,olivia.garcia901@example.com,1305525944,123 Main Street,Phoenix,CA,17528,USA
902,John,Williams,john.williams902@example.com,9615156083,696 Main Street,Los Angeles,AZ,24567,Germany
903,Daniel,Smith,daniel.smith903@example.com,9233079443,502 Main Street,Los Angeles,CA,17841,Australia
904,Michael,Rodriguez,michael.rodriguez904@example.com,7288649099,993 Main Street,Los Angeles,AZ,76128,Canada
905,John,Miller,john.miller905@example.com,5360840437,944 Main Street,New York,AZ,74040,UK
906,Sophia,Davis,sophia.davis906@example.com,4830645156,199 Main Street,Los Angeles,NY,36375,Germany
907,Emily,Rodriguez,emily.rodriguez907@example.com,1936791337,500 Main Street,Los Angeles,TX,90353,UK
908,Olivia,Williams,olivia.williams908@example.com,1056977668,730 Main Street,New York,AZ,32229,USA
909,Daniel,Davis,daniel.davis909@example.com,8089210299,278 Main Street,Houston,NY,99876,Germany
910,Michael,Smith,michael.smith910@example.com,9971076151,739 Main Street,Los Angeles,AZ,90265,Canada
911,Sophia,Williams,sophia.williams911@example.com,8678950170,556 Main Street,Chicago,AZ,46791,Canada
912,Emily,Garcia,emily.garcia912@example.com,2145517046,97 Main Street,Houston,TX,87084,Germany
913,Jane,Davis,jane.davis913@example.com,3140093703,240 Main Street,Los Angeles,AZ,78395,UK
914,Daniel,Johnson,daniel.johnson914@example.com,1122461749,213 Main Street,Chicago,CA,58692,Australia
915,Robert,Smith,robert.smith915@example.com,4801216894,567 Main Street,Phoenix,NY,93042,Canada
916,Emily,Miller,emily.miller916@example.com,9634444401,974 Main Street,Phoenix,TX,54376,Australia
917,Emma,Jones,emma.jones917@example.com,4209071143,489 Main Street,Houston,AZ,48229,Germany
918,Olivia,Williams,olivia.williams918@example.com,3856380114,569 Main Street,Phoenix,IL,25139,Australia
919,Robert,Martinez,robert.martinez919@example.com,9097127176,107 Main Street,Los Angeles,CA,36854,Canada
920,John,Brown,john.brown920@example.com,3561610064,798 Main Street,Phoenix,CA,22713,Canada
921,Daniel,Johnson,daniel.johnson921@example.com,3481011320,293 Main Street,Houston,AZ,75750,USA
922,Daniel,Garcia,daniel.garcia922@example.com,5719277569,932 Main Street,Phoenix,AZ,86641,UK
923,Emma,Garcia,emma.garcia923@example.com,7522704720,833 Main Street,Chicago,IL,85195,Germany
924,Robert,Martinez,robert.martinez924@example.com,6663872830,800 Main Street,Phoenix,TX,13019,UK
925,Robert,Davis,robert.davis925@example.com,7267015739,828 Main Street,New York,IL,64481,Germany
926,Daniel,Rodriguez,daniel.rodriguez926@example.com,5600070839,174 Main Street,New York,AZ,23235,Germany
927,David,Davis,david.davis927@example.com,6389257439,60 Main Street,Phoenix,NY,69920,Germany
928,Emily,Brown,emily.brown928@example.com,6603160872,937 Main Street,New York,NY,63298,Canada
929,Michael,Garcia,michael.garcia929@example.com,9089497169,694 Main Street,Chicago,NY,37298,Canada
930,Emily,Smith,emily.smith930@example.com,5249581017,941 Main Street,New York,AZ,21043,UK
931,Michael,Garcia,michael.garcia931@example.com,2315767209,881 Main Street,Chicago,TX,76907,Germany
932,Olivia,Miller,olivia.miller932@example.com,2486352625,200 Main Street,Chicago,AZ,86552,Australia
933,Sophia,Miller,sophia.miller933@example.com,3978646559,875 Main Street,Los Angeles,CA,71404,Australia
934,Michael,Brown,michael.brown934@example.com,6359056477,495 Main Street,Houston,AZ,26068,USA
935,Emma,Johnson,emma.johnson935@example.com,8768601445,63 Main Street,Houston,NY,44637,Germany
936,Sophia,Johnson,sophia.johnson936@example.com,5319782307,603 Main Street,Houston,AZ,80044,Canada
937,Emma,Miller,emma.miller937@example.com,2573274431,204 Main Street,Phoenix,AZ,59614,Germany
938,Daniel,Rodriguez,daniel.rodriguez938@example.com,1338157830,443 Main Street,Phoenix,TX,96152,USA
939,Olivia,Davis,olivia.davis939@example.com,1809344113,445 Main Street,New York,AZ,52545,Canada
940,David,Johnson,david.johnson940@example.com,6374738116,628 Main Street,New York,AZ,70677,Australia
941,Michael,Garcia,michael.garcia941@example.com,5848056107,830 Main Street,New York,CA,56630,Canada
942,Jane,Smith,jane.smith942@example.com,6488094777,821 Main Street,Phoenix,CA,20225,USA
943,Emily,Jones,emily.jones943@example.com,9928814386,272 Main Street,Houston,IL,27644,UK
944,David,Martinez,david.martinez944@example.com,8732162967,267 Main Street,Phoenix,NY,22684,Germany
945,Robert,Johnson,robert.johnson945@example.com,8399027422,152 Main Street,Phoenix,CA,27104,Canada
946,Emma,Martinez,emma.martinez946@example.com,2979911184,465 Main Street,Phoenix,IL,33112,UK
947,David,Garcia,david.garcia947@example.com,7569648845,260 Main Street,Chicago,NY,75396,UK
948,David,Garcia,david.garcia948@example.com,9713196402,950 Main Street,New York,IL,48666,UK
949,David,Johnson,david.johnson949@example.com,2359828407,269 Main Street,Los Angeles,IL,21741,USA
950,David,Williams,david.williams950@example.com,5574054390,864 Main Street,Houston,IL,12033,Australia
951,Olivia,Rodriguez,olivia.rodriguez951@example.com,5036303932,26 Main Street,Phoenix,CA,77819,Australia
952,David,Rodriguez,david.rodriguez952@example.com,7990484003,905 Main Street,New York,NY,47509,UK
953,Sophia,Johnson,sophia.johnson953@example.com,5516832609,153 Main Street,New York,NY,77947,Australia
954,Daniel,Johnson,daniel.johnson954@example.com,6092107487,900 Main Street,Chicago,NY,40117,Canada
955,Emma,Smith,emma.smith955@example.com,8359412574,609 Main Street,New York,NY,92363,Germany
956,Emily,Smith,emily.smith956@example.com,5994853280,180 Main Street,Houston,NY,35647,Germany
957,Daniel,Smith,daniel.smith957@example.com,3951376164,570 Main Street,Los Angeles,AZ,90831,UK
958,Jane,Williams,jane.williams958@example.com,3479259077,995 Main Street,Los Angeles,NY,56866,UK
959,John,Brown,john.brown959@example.com,4491046035,669 Main Street,Los Angeles,IL,29968,USA
960,Robert,Miller,robert.miller960@example.com,1628403075,698 Main Street,New York,NY,19189,Australia
961,Emma,Rodriguez,emma.rodriguez961@example.com,8857319415,679 Main Street,Los Angeles,AZ,85541,USA
962,Emily,Johnson,emily.johnson962@example.com,8619564455,691 Main Street,Chicago,AZ,77743,USA
963,Olivia,Smith,olivia.smith963@example.com,8149943089,672 Main Street,Los Angeles,CA,14888,Australia
964,Jane,Rodriguez,jane.rodriguez964@example.com,9353508075,30 Main Street,New York,NY,72711,Canada
965,Emily,Johnson,emily.johnson965@example.com,2142550790,931 Main Street,New York,NY,66430,Australia
966,John,Jones,john.jones966@example.com,1145258970,125 Main Street,New York,NY,44912,UK
967,Sophia,Smith,sophia.smith967@example.com,7134631056,520 Main Street,New York,TX,79795,USA
968,John,Miller,john.miller968@example.com,9768626954,96 Main Street,Houston,CA,21553,Canada
969,David,Davis,david.davis969@example.com,3580300531,354 Main Street,New York,CA,90264,Germany
970,Robert,Brown,robert.brown970@example.com,1946873767,947 Main Street,Houston,IL,45369,Canada
971,Olivia,Martinez,olivia.martinez971@example.com,2772605309,168 Main Street,Chicago,CA,10511,Australia
972,Emily,Davis,emily.davis972@example.com,7550649665,363 Main Street,Houston,AZ,44840,Canada
973,Sophia,Johnson,sophia.johnson973@example.com,5223180586,684 Main Street,New York,AZ,75073,USA
974,Robert,Smith,robert.smith974@example.com,6214943031,263 Main Street,Chicago,TX,75306,USA
975,David,Smith,david.smith975@example.com,3407713717,449 Main Street,Houston,CA,91507,UK
976,Olivia,Miller,olivia.miller976@example.com,8960842384,755 Main Street,Houston,CA,74556,Canada
977,Michael,Johnson,michael.johnson977@example.com,9125841253,103 Main Street,New York,IL,84712,Germany
978,Michael,Davis,michael.davis978@example.com,3941855609,669 Main Street,New York,AZ,19294,Canada
979,Daniel,Rodriguez,daniel.rodriguez979@example.com,8450314499,194 Main Street,Phoenix,TX,14549,Canada
980,Sophia,Jones,sophia.jones980@example.com,1894717802,727 Main Street,New York,CA,14557,Australia
981,Robert,Davis,robert.davis981@example.com,9929940774,134 Main Street,Chicago,TX,37294,Germany
982,Robert,Martinez,robert.martinez982@example.com,9230913843,349 Main Street,Phoenix,CA,61356,UK
983,Sophia,Martinez,sophia.martinez983@example.com,7204840589,678 Main Street,Los Angeles,CA,41496,Canada
984,Jane,Smith,jane.smith984@example.com,5410387410,238 Main Street,New York,TX,67852,Germany
985,Emily,Jones,emily.jones985@example.com,7150966024,917 Main Street,Houston,TX,60189,Australia
986,Robert,Garcia,robert.garcia986@example.com,4439607807,760 Main Street,Los Angeles,IL,92356,USA
987,David,Smith,david.smith987@example.com,2835556181,930 Main Street,Los Angeles,NY,63015,Australia
988,Emily,Martinez,emily.martinez988@example.com,5444866020,226 Main Street,Chicago,CA,67614,UK
989,Robert,Martinez,robert.martinez989@example.com,7090065507,224 Main Street,Houston,CA,10257,Australia
990,Robert,Miller,robert.miller990@example.com,8435479507,513 Main Street,New York,CA,91374,USA
991,Robert,Martinez,robert.martinez991@example.com,3421535841,65 Main Street,Phoenix,CA,39987,Germany
992,Daniel,Martinez,daniel.martinez992@example.com,9326136083,954 Main Street,Los Angeles,AZ,14507,Germany
993,Jane,Garcia,jane.garcia993@example.com,9590639434,496 Main Street,Los Angeles,NY,66649,Germany
994,Robert,Jones,robert.jones994@example.com,4918992684,299 Main Street,Houston,NY,64230,USA
995,Emma,Miller,emma.miller995@example.com,2375727204,709 Main Street,New York,NY,46917,Canada
996,Daniel,Smith,daniel.smith996@example.com,8541362603,639 Main Street,Phoenix,CA,85266,UK
997,Jane,Rodriguez,jane.rodriguez997@example.com,2402981879,166 Main Street,Houston,IL,76675,Germany
998,Emma,Rodriguez,emma.rodriguez998@example.com,3676003974,913 Main Street,New York,TX,12262,Germany
999,Emily,Davis,emily.davis999@example.com,2953970246,661 Main Street,Houston,NY,27957,UK
1000,Emily,Rodriguez,emily.rodriguez1000@example.com,8217938444,137 Main Street,Los Angeles,NY,20383,Canada
